item_id,group_id,name,variant_value,variant,variant_value2,variant2
6633,19,CK KG AVIAN 110,110,AVIAN COLOR,,
6632,19,CK KG AVIAN 178,178,AVIAN COLOR,,
6696,19,CK KG AVIAN 179,179,AVIAN COLOR,,
2103,19,CK KG AVIAN 187,187,AVIAN COLOR,,
2086,19,CK KG AVIAN 189,189,AVIAN COLOR,,
25,19,CK KG AVIAN 190,190,AVIAN COLOR,,
26,19,CK KG AVIAN 191,191,AVIAN COLOR,,
27,19,CK KG AVIAN 192,192,AVIAN COLOR,,
28,19,CK KG AVIAN 193,193,AVIAN COLOR,,
29,19,CK KG AVIAN 194,194,AVIAN COLOR,,
30,19,CK KG AVIAN 195,195,AVIAN COLOR,,
32,19,CK KG AVIAN 197,197,AVIAN COLOR,,
33,19,CK KG AVIAN 198,198,AVIAN COLOR,,
4507,19,CK KG AVIAN 199,199,AVIAN COLOR,,
34,19,CK KG AVIAN 301,301,AVIAN COLOR,,
5143,19,CK KG AVIAN 301M,301M,AVIAN COLOR,,
35,19,CK KG AVIAN 302,302,AVIAN COLOR,,
36,19,CK KG AVIAN 303,303,AVIAN COLOR,,
5144,19,CK KG AVIAN 303M,303M,AVIAN COLOR,,
37,19,CK KG AVIAN 305,305,AVIAN COLOR,,
5141,19,CK KG AVIAN 305M,305M,AVIAN COLOR,,
38,19,CK KG AVIAN 306,306,AVIAN COLOR,,
39,19,CK KG AVIAN 308,308,AVIAN COLOR,,
40,19,CK KG AVIAN 309,309,AVIAN COLOR,,
5146,19,CK KG AVIAN 309M,309M,AVIAN COLOR,,
2113,19,CK KG AVIAN 310,310,AVIAN COLOR,,
41,19,CK KG AVIAN 328,328,AVIAN COLOR,,
5145,19,CK KG AVIAN 328M,328M,AVIAN COLOR,,
42,19,CK KG AVIAN 329,329,AVIAN COLOR,,
6635,19,CK KG AVIAN 330,330,AVIAN COLOR,,
6636,19,CK KG AVIAN 331,331,AVIAN COLOR,,
43,19,CK KG AVIAN 365,365,AVIAN COLOR,,
44,19,CK KG AVIAN 366,366,AVIAN COLOR,,
6634,19,CK KG AVIAN 367,367,AVIAN COLOR,,
45,19,CK KG AVIAN 370,370,AVIAN COLOR,,
5133,19,CK KG AVIAN 370M,370M,AVIAN COLOR,,
46,19,CK KG AVIAN 371,371,AVIAN COLOR,,
47,19,CK KG AVIAN 461,461,AVIAN COLOR,,
5147,19,CK KG AVIAN 461M,461M,AVIAN COLOR,,
48,19,CK KG AVIAN 462,462,AVIAN COLOR,,
49,19,CK KG AVIAN 463,463,AVIAN COLOR,,
51,19,CK KG AVIAN 465,465,AVIAN COLOR,,
52,19,CK KG AVIAN 466,466,AVIAN COLOR,,
53,19,CK KG AVIAN 468,468,AVIAN COLOR,,
2114,19,CK KG AVIAN 470,470,AVIAN COLOR,,
5148,19,CK KG AVIAN 470M,470M,AVIAN COLOR,,
4433,19,CK KG AVIAN 480,480,AVIAN COLOR,,
2111,19,CK KG AVIAN 630,630,AVIAN COLOR,,
5134,19,CK KG AVIAN 630M,630M,AVIAN COLOR,,
2112,19,CK KG AVIAN 631,631,AVIAN COLOR,,
54,19,CK KG AVIAN 640,640,AVIAN COLOR,,
55,19,CK KG AVIAN 641,641,AVIAN COLOR,,
56,19,CK KG AVIAN 642,642,AVIAN COLOR,,
57,19,CK KG AVIAN 644,644,AVIAN COLOR,,
58,19,CK KG AVIAN 645,645,AVIAN COLOR,,
59,19,CK KG AVIAN 646,646,AVIAN COLOR,,
60,19,CK KG AVIAN 648,648,AVIAN COLOR,,
61,19,CK KG AVIAN 650,650,AVIAN COLOR,,
62,19,CK KG AVIAN 651,651,AVIAN COLOR,,
63,19,CK KG AVIAN 652,652,AVIAN COLOR,,
65,19,CK KG AVIAN 656,656,AVIAN COLOR,,
66,19,CK KG AVIAN 657,657,AVIAN COLOR,,
5140,19,CK KG AVIAN 657M,657M,AVIAN COLOR,,
4422,19,CK KG AVIAN 660,660,AVIAN COLOR,,
67,19,CK KG AVIAN 669,669,AVIAN COLOR,,
4707,19,CK KG AVIAN 670,670,AVIAN COLOR,,
6637,19,CK KG AVIAN 671,671,AVIAN COLOR,,
68,19,CK KG AVIAN 730,730,AVIAN COLOR,,
69,19,CK KG AVIAN 731,731,AVIAN COLOR,,
5139,19,CK KG AVIAN 731M,731M,AVIAN COLOR,,
70,19,CK KG AVIAN 732,732,AVIAN COLOR,,
71,19,CK KG AVIAN 733,733,AVIAN COLOR,,
5136,19,CK KG AVIAN 733M,733M,AVIAN COLOR,,
72,19,CK KG AVIAN 734,734,AVIAN COLOR,,
73,19,CK KG AVIAN 735,735,AVIAN COLOR,,
75,19,CK KG AVIAN 737,737,AVIAN COLOR,,
76,19,CK KG AVIAN 738,738,AVIAN COLOR,,
77,19,CK KG AVIAN 739,739,AVIAN COLOR,,
78,19,CK KG AVIAN 740,740,AVIAN COLOR,,
79,19,CK KG AVIAN 741,741,AVIAN COLOR,,
6344,19,CK KG AVIAN 742,742,AVIAN COLOR,,
4432,19,CK KG AVIAN 750,750,AVIAN COLOR,,
6639,19,CK KG AVIAN 752,752,AVIAN COLOR,,
6638,19,CK KG AVIAN 753,753,AVIAN COLOR,,
82,19,CK KG AVIAN 911,911,AVIAN COLOR,,
5135,19,CK KG AVIAN 911M,911M,AVIAN COLOR,,
83,19,CK KG AVIAN 914,914,AVIAN COLOR,,
84,19,CK KG AVIAN 915,915,AVIAN COLOR,,
5138,19,CK KG AVIAN 915M,915M,AVIAN COLOR,,
85,19,CK KG AVIAN 924,924,AVIAN COLOR,,
86,19,CK KG AVIAN 927,927,AVIAN COLOR,,
20,19,CK KG AVIAN ALLUMINIUM,ALLUMINIUM,AVIAN COLOR,,
87,19,CK KG AVIAN BLACK,BLACK,AVIAN COLOR,,
5137,19,CK KG AVIAN BLACK MATT,BLACK MATT,AVIAN COLOR,,
6345,19,CK KG AVIAN PWM,PWM,AVIAN COLOR,,
88,19,CK KG AVIAN VERNIS,VERNIS,AVIAN COLOR,,
89,19,CK KG AVIAN WHITE,WHITE,AVIAN COLOR,,
4676,19,CK KG AVIAN WHITE MATT,WHITE MATT,AVIAN COLOR,,
93,90,CK 1/2KG AVIAN 186,186,AVIAN COLOR,,
6063,90,CK 1/2KG AVIAN 189,189,AVIAN COLOR,,
94,90,CK 1/2KG AVIAN 190,190,AVIAN COLOR,,
7301,90,CK 1/2KG AVIAN 191,191,AVIAN COLOR,,
95,90,CK 1/2KG AVIAN 192,192,AVIAN COLOR,,
96,90,CK 1/2KG AVIAN 193,193,AVIAN COLOR,,
97,90,CK 1/2KG AVIAN 194,194,AVIAN COLOR,,
2115,90,CK 1/2KG AVIAN 196,196,AVIAN COLOR,,
98,90,CK 1/2KG AVIAN 197,197,AVIAN COLOR,,
99,90,CK 1/2KG AVIAN 198,198,AVIAN COLOR,,
100,90,CK 1/2KG AVIAN 301,301,AVIAN COLOR,,
2122,90,CK 1/2KG AVIAN 302,302,AVIAN COLOR,,
101,90,CK 1/2KG AVIAN 303,303,AVIAN COLOR,,
102,90,CK 1/2KG AVIAN 305,305,AVIAN COLOR,,
103,90,CK 1/2KG AVIAN 306,306,AVIAN COLOR,,
2993,90,CK 1/2KG AVIAN 308,308,AVIAN COLOR,,
104,90,CK 1/2KG AVIAN 309,309,AVIAN COLOR,,
8350,90,CK 1/2KG AVIAN 310,310,AVIAN COLOR,,
105,90,CK 1/2KG AVIAN 328,328,AVIAN COLOR,,
2121,90,CK 1/2KG AVIAN 329,329,AVIAN COLOR,,
2116,90,CK 1/2KG AVIAN 366,366,AVIAN COLOR,,
106,90,CK 1/2KG AVIAN 370,370,AVIAN COLOR,,
107,90,CK 1/2KG AVIAN 371,371,AVIAN COLOR,,
108,90,CK 1/2KG AVIAN 461,461,AVIAN COLOR,,
2118,90,CK 1/2KG AVIAN 462,462,AVIAN COLOR,,
110,90,CK 1/2KG AVIAN 465,465,AVIAN COLOR,,
111,90,CK 1/2KG AVIAN 466,466,AVIAN COLOR,,
2120,90,CK 1/2KG AVIAN 468,468,AVIAN COLOR,,
112,90,CK 1/2KG AVIAN 631,631,AVIAN COLOR,,
113,90,CK 1/2KG AVIAN 640,640,AVIAN COLOR,,
115,90,CK 1/2KG AVIAN 645,645,AVIAN COLOR,,
116,90,CK 1/2KG AVIAN 646,646,AVIAN COLOR,,
117,90,CK 1/2KG AVIAN 648,648,AVIAN COLOR,,
118,90,CK 1/2KG AVIAN 650,650,AVIAN COLOR,,
119,90,CK 1/2KG AVIAN 651,651,AVIAN COLOR,,
120,90,CK 1/2KG AVIAN 652,652,AVIAN COLOR,,
2119,90,CK 1/2KG AVIAN 653,653,AVIAN COLOR,,
2124,90,CK 1/2KG AVIAN 656,656,AVIAN COLOR,,
121,90,CK 1/2KG AVIAN 730,730,AVIAN COLOR,,
122,90,CK 1/2KG AVIAN 731,731,AVIAN COLOR,,
123,90,CK 1/2KG AVIAN 732,732,AVIAN COLOR,,
124,90,CK 1/2KG AVIAN 733,733,AVIAN COLOR,,
125,90,CK 1/2KG AVIAN 734,734,AVIAN COLOR,,
126,90,CK 1/2KG AVIAN 735,735,AVIAN COLOR,,
3479,90,CK 1/2KG AVIAN 736,736,AVIAN COLOR,,
2123,90,CK 1/2KG AVIAN 737,737,AVIAN COLOR,,
127,90,CK 1/2KG AVIAN 738,738,AVIAN COLOR,,
1303,90,CK 1/2KG AVIAN 739,739,AVIAN COLOR,,
128,90,CK 1/2KG AVIAN 742,742,AVIAN COLOR,,
129,90,CK 1/2KG AVIAN 911,911,AVIAN COLOR,,
130,90,CK 1/2KG AVIAN 914,914,AVIAN COLOR,,
131,90,CK 1/2KG AVIAN 915,915,AVIAN COLOR,,
91,90,CK 1/2KG AVIAN ALLUMINIUM,ALLUMINIUM,AVIAN COLOR,,
132,90,CK 1/2KG AVIAN BLACK,BLACK,AVIAN COLOR,,
92,90,CK 1/2KG AVIAN VERNIS,VERNIS,AVIAN COLOR,,
133,90,CK 1/2KG AVIAN WHITE,WHITE,AVIAN COLOR,,
3366,134,CK 1/4KG AVIAN 189,189,AVIAN COLOR,,
2600,134,CK 1/4KG AVIAN 190,190,AVIAN COLOR,,
2501,134,CK 1/4KG AVIAN 192,192,AVIAN COLOR,,
3175,134,CK 1/4KG AVIAN 193,193,AVIAN COLOR,,
2680,134,CK 1/4KG AVIAN 197,197,AVIAN COLOR,,
3742,134,CK 1/4KG AVIAN 198,198,AVIAN COLOR,,
2413,134,CK 1/4KG AVIAN 301,301,AVIAN COLOR,,
137,134,CK 1/4KG AVIAN 303,303,AVIAN COLOR,,
2626,134,CK 1/4KG AVIAN 306,306,AVIAN COLOR,,
2411,134,CK 1/4KG AVIAN 465,465,AVIAN COLOR,,
2410,134,CK 1/4KG AVIAN 466,466,AVIAN COLOR,,
3096,134,CK 1/4KG AVIAN 645,645,AVIAN COLOR,,
2531,134,CK 1/4KG AVIAN 650,650,AVIAN COLOR,,
2409,134,CK 1/4KG AVIAN 732,732,AVIAN COLOR,,
2408,134,CK 1/4KG AVIAN 733,733,AVIAN COLOR,,
2500,134,CK 1/4KG AVIAN 911,911,AVIAN COLOR,,
2412,134,CK 1/4KG AVIAN BLACK,BLACK,AVIAN COLOR,,
139,134,CK 1/4KG AVIAN WHITE,WHITE,AVIAN COLOR,,
4568,140,CK 100CC AVIAN 190,190,AVIAN COLOR,,
3934,140,CK 100CC AVIAN 192,192,AVIAN COLOR,,
3949,140,CK 100CC AVIAN 193,193,AVIAN COLOR,,
3962,140,CK 100CC AVIAN 194,194,AVIAN COLOR,,
4571,140,CK 100CC AVIAN 197,197,AVIAN COLOR,,
7646,140,CK 100CC AVIAN 198,198,AVIAN COLOR,,
3190,140,CK 100CC AVIAN 301,301,AVIAN COLOR,,
4567,140,CK 100CC AVIAN 303,303,AVIAN COLOR,,
4146,140,CK 100CC AVIAN 306,306,AVIAN COLOR,,
7408,140,CK 100CC AVIAN 309,309,AVIAN COLOR,,
3192,140,CK 100CC AVIAN 465,465,AVIAN COLOR,,
6734,140,CK 100CC AVIAN 466,466,AVIAN COLOR,,
4570,140,CK 100CC AVIAN 468,468,AVIAN COLOR,,
4282,140,CK 100CC AVIAN 645,645,AVIAN COLOR,,
3280,140,CK 100CC AVIAN 648,648,AVIAN COLOR,,
4373,140,CK 100CC AVIAN 650,650,AVIAN COLOR,,
2879,140,CK 100CC AVIAN 732,732,AVIAN COLOR,,
3149,140,CK 100CC AVIAN 733,733,AVIAN COLOR,,
6706,140,CK 100CC AVIAN 911,911,AVIAN COLOR,,
141,140,CK 100CC AVIAN ALLUMINIUM,ALLUMINIUM,AVIAN COLOR,,
3935,140,CK 100CC AVIAN BLACK,BLACK,AVIAN COLOR,,
2803,140,CK 100CC AVIAN WHITE,WHITE,AVIAN COLOR,,
4580,142,CK 50CC AVIAN 190,190,AVIAN COLOR,,
3947,142,CK 50CC AVIAN 192,192,AVIAN COLOR,,
7939,142,CK 50CC AVIAN 301,301,AVIAN COLOR,,
3939,142,CK 50CC AVIAN 465,465,AVIAN COLOR,,
9122,142,CK 50CC AVIAN 466,466,AVIAN COLOR,,
3938,142,CK 50CC AVIAN 645,645,AVIAN COLOR,,
3937,142,CK 50CC AVIAN 650,650,AVIAN COLOR,,
3948,142,CK 50CC AVIAN 732,732,AVIAN COLOR,,
3936,142,CK 50CC AVIAN 733,733,AVIAN COLOR,,
3150,142,CK 50CC AVIAN BLACK,BLACK,AVIAN COLOR,,
2628,142,CK 50CC AVIAN WHITE,WHITE,AVIAN COLOR,,
4347,142,CK 50CC AVIAN YELLOW,YELLOW,AVIAN COLOR,,
144,143,CK 25CC AVIAN BIRU MUDA,BIRU MUDA,AVIAN COLOR,,
4589,143,CK 25CC AVIAN BIRU TUA,BIRU TUA,AVIAN COLOR,,
4590,143,CK 25CC AVIAN HIJAU MUDA,HIJAU MUDA,AVIAN COLOR,,
4591,143,CK 25CC AVIAN HIJAU TUA,HIJAU TUA,AVIAN COLOR,,
2629,143,CK 25CC AVIAN HITAM,HITAM,AVIAN COLOR,,
145,143,CK 25CC AVIAN KUNING,KUNING,AVIAN COLOR,,
146,143,CK 25CC AVIAN MERAH,MERAH,AVIAN COLOR,,
147,143,CK 25CC AVIAN WHITE,WHITE,AVIAN COLOR,,
2261,653,CT KG MOWILEX BS04-E53,BS04-E53,MOWILEX COLOR,,
5102,653,CT KG MOWILEX KM4003,KM4003,MOWILEX COLOR,,
1845,653,CT KG MOWILEX KM4004,KM4004,MOWILEX COLOR,,
3685,653,CT KG MOWILEX MM5001,MM5001,MOWILEX COLOR,,
3626,653,CT KG MOWILEX MM5003,MM5003,MOWILEX COLOR,,
663,659,NIPPE 100CC 222 CLEAR,222 CLEAR,NIPPE COLOR,,
7000,659,NIPPE 100CC 302NP,302NP,NIPPE COLOR,,
2057,659,NIPPE 100CC 302T,302T,NIPPE COLOR,,
2059,659,NIPPE 100CC 303T,303T,NIPPE COLOR,,
2060,659,NIPPE 100CC 315,315,NIPPE COLOR,,
660,659,NIPPE 100CC 318T LIGHT VERMILION,318T LIGHT VERMILION,NIPPE COLOR,,
2446,659,NIPPE 100CC 403T,403T,NIPPE COLOR,,
2055,659,NIPPE 100CC 470 WHITE,470 WHITE,NIPPE COLOR,,
661,659,NIPPE 100CC 480 BLACK,480 BLACK,NIPPE COLOR,,
662,659,NIPPE 100CC 480M BLACK MATT,480M BLACK MATT,NIPPE COLOR,,
1914,664,NIPPE 200CC 222 CLEAR,222 CLEAR,NIPPE COLOR,,
670,664,NIPPE 200CC 270 SURFACER,270 SURFACER,NIPPE COLOR,,
3259,664,NIPPE 200CC 302NP GREEN,302NP GREEN,NIPPE COLOR,,
1809,664,NIPPE 200CC 302T ORANGE YELLOW,302T ORANGE YELLOW,NIPPE COLOR,,
665,664,NIPPE 200CC 303T DARK BLUE,303T DARK BLUE,NIPPE COLOR,,
2054,664,NIPPE 200CC 315 SILVER,315 SILVER,NIPPE COLOR,,
4262,664,NIPPE 200CC 318T LIGHT VERMILION,318T LIGHT VERMILION,NIPPE COLOR,,
4521,664,NIPPE 200CC 400,400,NIPPE COLOR,,
2053,664,NIPPE 200CC 403T,403T,NIPPE COLOR,,
1913,664,NIPPE 200CC 470 WHITE,470 WHITE,NIPPE COLOR,,
667,664,NIPPE 200CC 480 BLACK,480 BLACK,NIPPE COLOR,,
668,664,NIPPE 200CC 480M WHITE DOFF,480M WHITE DOFF,NIPPE COLOR,,
669,664,NIPPE 200CC EPOXY,EPOXY,NIPPE COLOR,,
672,671,NIPPE KG 222 CLEAR,222 CLEAR,NIPPE COLOR,,
1563,671,NIPPE KG 315 SILVER,315 SILVER,NIPPE COLOR,,
677,671,NIPPE KG 470 WHITE,470 WHITE,NIPPE COLOR,,
3545,671,NIPPE KG 470M WHITE DOFF,470M WHITE DOFF,NIPPE COLOR,,
674,671,NIPPE KG 480 BLACK,480 BLACK,NIPPE COLOR,,
675,671,NIPPE KG 480M BLACK DOF,480M BLACK DOF,NIPPE COLOR,,
676,671,NIPPE KG EPOXY 2 COMP,EPOXY 2 COMP,NIPPE COLOR,,
4809,671,NIPPE KG EPOXY WHITE,EPOXY WHITE,NIPPE COLOR,,
2315,688,POLITUR KG PINOGUARD CLASIC TEAK 980-8764,CLASIC TEAK 980-8764,POLITUR PINOGUARD COLOR,,
1642,688,POLITUR KG PINOGUARD CLEAR GLOSS,CLEAR GLOSS,POLITUR PINOGUARD COLOR,,
2316,688,POLITUR KG PINOGUARD DARK MAHOGANY 994-6708,DARK MAHOGANY 994-6708,POLITUR PINOGUARD COLOR,,
3241,688,POLITUR KG PINOGUARD MAHONY,MAHONY,POLITUR PINOGUARD COLOR,,
1226,688,POLITUR KG PINOGUARD MAIZE 980-8094,MAIZE 980-8094,POLITUR PINOGUARD COLOR,,
2317,688,POLITUR KG PINOGUARD PADOUK 980-8098,PADOUK 980-8098,POLITUR PINOGUARD COLOR,,
2319,688,POLITUR KG PINOGUARD RED WOOD 980-8007,RED WOOD 980-8007,POLITUR PINOGUARD COLOR,,
3463,688,POLITUR KG PINOGUARD REDROSE,REDROSE,POLITUR PINOGUARD COLOR,,
2320,688,POLITUR KG PINOGUARD ROSE WOOD 994-5274,ROSE WOOD 994-5274,POLITUR PINOGUARD COLOR,,
2318,688,POLITUR KG PINOGUARD SHP BROWN 980-8768,SHP BROWN 980-8768,POLITUR PINOGUARD COLOR,,
3094,688,POLITUR KG PINOGUARD SOLAR RED,SOLAR RED,POLITUR PINOGUARD COLOR,,
2631,688,POLITUR KG PINOGUARD SOLAR YELOW 980-6590,SOLAR YELOW 980-6590,POLITUR PINOGUARD COLOR,,
1224,688,POLITUR KG PINOGUARD TEAK 980-8003,TEAK 980-8003,POLITUR PINOGUARD COLOR,,
1228,688,POLITUR KG PINOGUARD WALNUT 980-8004,WALNUT 980-8004,POLITUR PINOGUARD COLOR,,
3887,690,PINTU PVC ANEKA MERK ABU,ABU,PVC DOOR COLOR,ANEKA MERK,PVC DOOR BRAND
6670,690,PINTU PVC KINGKONG ABU,ABU,PVC DOOR COLOR,KINGKONG,PVC DOOR BRAND
694,690,PINTU PVC ANEKA MERK BIRU,BIRU,PVC DOOR COLOR,ANEKA MERK,PVC DOOR BRAND
6096,690,PINTU PVC KINGKONG BIRU,BIRU,PVC DOOR COLOR,KINGKONG,PVC DOOR BRAND
6756,690,PINTU PVC OMG COKLAT,COKLAT,PVC DOOR COLOR,OMG,PVC DOOR BRAND
4356,690,PINTU PVC KINGKONG COKAT MUDA / GADING,COKLAT MUDA / GADING,PVC DOOR COLOR,KINGKONG,PVC DOOR BRAND
699,690,PINTU PVC ANEKA MERK COKLAT/ SERAT KAYU,COKLAT TUA / SERAT KAYU,PVC DOOR COLOR,ANEKA MERK,PVC DOOR BRAND
5537,690,PINTU PVC KINGKONG COKLAT TUA / URAT KAYU,COKLAT TUA / URAT KAYU,PVC DOOR COLOR,KINGKONG,PVC DOOR BRAND
1839,690,PINTU PVC ANEKA MERK CREAM,CREAM,PVC DOOR COLOR,ANEKA MERK,PVC DOOR BRAND
7451,690,PINTU PVC KINGKONG CREAM,CREAM,PVC DOOR COLOR,KINGKONG,PVC DOOR BRAND
695,690,PINTU PVC ANEKA MERK HIJAU,HIJAU,PVC DOOR COLOR,ANEKA MERK,PVC DOOR BRAND
6313,690,PINTU PVC KINGKONG HIJAU,HIJAU,PVC DOOR COLOR,KINGKONG,PVC DOOR BRAND
696,690,PINTU PVC ANEKA MERK PINK,PINK,PVC DOOR COLOR,ANEKA MERK,PVC DOOR BRAND
6166,690,PINTU PVC KINGKONG PINK,PINK,PVC DOOR COLOR,KINGKONG,PVC DOOR BRAND
6097,690,PINTU PVC KINGKONG PUTIH,PUTIH,PVC DOOR COLOR,KINGKONG,PVC DOOR BRAND
697,690,PINTU PVC ANEKA MERK PUTIH,PUTIH DOF 101A,PVC DOOR COLOR,ANEKA MERK,PVC DOOR BRAND
751,750,CS PYLOX 101 RED,101 RED,PYLOX COLOR,,
752,750,CS PYLOX 102 WHITE,102 WHITE,PYLOX COLOR,,
3546,750,CS PYLOX 102A WHITE MATT,102A WHITE MATT,PYLOX COLOR,,
753,750,CS PYLOX 103 BLUE,103 BLUE,PYLOX COLOR,,
754,750,CS PYLOX 104 GREY,104 GREY,PYLOX COLOR,,
2080,750,CS PYLOX 105,105,PYLOX COLOR,,
1918,750,CS PYLOX 106 LIGHT GREY,106 LIGHT GREY,PYLOX COLOR,,
755,750,CS PYLOX 108 YELLOW,108 YELLOW,PYLOX COLOR,,
756,750,CS PYLOX 109 BLACK,109 BLACK,PYLOX COLOR,,
757,750,CS PYLOX 109A BLACK FAT,109A BLACK FAT,PYLOX COLOR,,
2073,750,CS PYLOX 111,111,PYLOX COLOR,,
2065,750,CS PYLOX 112,112,PYLOX COLOR,,
758,750,CS PYLOX 113 PINK,113 PINK,PYLOX COLOR,,
760,750,CS PYLOX 115 LIGHT SCARLET,115 LIGHT SCARLET,PYLOX COLOR,,
761,750,CS PYLOX 116 DEEP BLUE,116 DEEP BLUE,PYLOX COLOR,,
2076,750,CS PYLOX 117,117,PYLOX COLOR,,
762,750,CS PYLOX 123 GOLD,123 GOLD,PYLOX COLOR,,
763,750,CS PYLOX 124 SILVER,124 SILVER,PYLOX COLOR,,
2075,750,CS PYLOX 126,126,PYLOX COLOR,,
4536,750,CS PYLOX 127,127,PYLOX COLOR,,
764,750,CS PYLOX 128 CLEAR,128 CLEAR,PYLOX COLOR,,
3547,750,CS PYLOX 128A CLEAR MATT,128A CLEAR MATT,PYLOX COLOR,,
5420,750,CS PYLOX 136 YM MET GREEN,136 YM MET GREEN,PYLOX COLOR,,
766,750,CS PYLOX 138 HM C/T R4L,138 HM C/T R4L,PYLOX COLOR,,
4535,750,CS PYLOX 139,139,PYLOX COLOR,,
3361,750,CS PYLOX 142 ARMY GREEN,142 ARMY GREEN,PYLOX COLOR,,
767,750,CS PYLOX 155 YM CRYSTAL SILVER,155 YM CRYSTAL SILVER,PYLOX COLOR,,
2015,750,CS PYLOX 157,157,PYLOX COLOR,,
768,750,CS PYLOX 159 KW BLACK METALLIC,159 KW BLACK METALLIC,PYLOX COLOR,,
4425,750,CS PYLOX 161,161,PYLOX COLOR,,
2082,750,CS PYLOX 162,162,PYLOX COLOR,,
2072,750,CS PYLOX 164,164,PYLOX COLOR,,
769,750,CS PYLOX 165 TROPICANA,165 TROPICANA,PYLOX COLOR,,
2068,750,CS PYLOX 169,169,PYLOX COLOR,,
770,750,CS PYLOX 1701 METALIC SILVER,1701 METALIC SILVER,PYLOX COLOR,,
771,750,CS PYLOX 1702 METALIC VIOLET BLUE,1702 METALIC VIOLET BLUE,PYLOX COLOR,,
4398,750,CS PYLOX 1704,1704,PYLOX COLOR,,
4549,750,CS PYLOX 1705,1705,PYLOX COLOR,,
772,750,CS PYLOX 1706 CTM HONDA YELLOW,1706 CTM HONDA YELLOW,PYLOX COLOR,,
4283,750,CS PYLOX 1707,1707,PYLOX COLOR,,
773,750,CS PYLOX 1708 NEW BLUE METALLIC,1708 NEW BLUE METALLIC,PYLOX COLOR,,
1904,750,CS PYLOX 171 LEMARI ES PEARL WHITE,171 LEMARI ES PEARL WHITE,PYLOX COLOR,,
3516,750,CS PYLOX 1710 CTM YAMAHA RED,1710 CTM YAMAHA RED,PYLOX COLOR,,
774,750,CS PYLOX 1711 NEON GREEN,1711 NEON GREEN,PYLOX COLOR,,
4548,750,CS PYLOX 1714,1714,PYLOX COLOR,,
4547,750,CS PYLOX 1716,1716,PYLOX COLOR,,
775,750,CS PYLOX 1717 RED PURPLE,1717 RED PURPLE,PYLOX COLOR,,
776,750,CS PYLOX 172,172,PYLOX COLOR,,
777,750,CS PYLOX 1720 CTM YAMAHA GREEN,1720 CTM YAMAHA GREEN,PYLOX COLOR,,
4351,750,CS PYLOX 1723,1723,PYLOX COLOR,,
2079,750,CS PYLOX 1724,1724,PYLOX COLOR,,
779,750,CS PYLOX 1726 NEON BLUE,1726 NEON BLUE,PYLOX COLOR,,
4737,750,CS PYLOX 1727,1727,PYLOX COLOR,,
4500,750,CS PYLOX 1728,1728,PYLOX COLOR,,
4546,750,CS PYLOX 1729,1729,PYLOX COLOR,,
2064,750,CS PYLOX 1731,1731,PYLOX COLOR,,
4286,750,CS PYLOX 1732,1732,PYLOX COLOR,,
3880,750,CS PYLOX 1733 SPECIAL RED,1733 SPECIAL RED,PYLOX COLOR,,
4545,750,CS PYLOX 1734,1734,PYLOX COLOR,,
4328,750,CS PYLOX 1738,1738,PYLOX COLOR,,
4544,750,CS PYLOX 1745,1745,PYLOX COLOR,,
4543,750,CS PYLOX 1746,1746,PYLOX COLOR,,
5082,750,CS PYLOX 1747,1747,PYLOX COLOR,,
4542,750,CS PYLOX 1748,1748,PYLOX COLOR,,
4541,750,CS PYLOX 1749,1749,PYLOX COLOR,,
4540,750,CS PYLOX 1750,1750,PYLOX COLOR,,
4539,750,CS PYLOX 1751,1751,PYLOX COLOR,,
4538,750,CS PYLOX 1752,1752,PYLOX COLOR,,
4537,750,CS PYLOX 1753,1753,PYLOX COLOR,,
5075,750,CS PYLOX 1754,1754,PYLOX COLOR,,
6059,750,CS PYLOX 1755,1755,PYLOX COLOR,,
4431,750,CS PYLOX 1756,1756,PYLOX COLOR,,
5076,750,CS PYLOX 1757,1757,PYLOX COLOR,,
5371,750,CS PYLOX 1758,1758,PYLOX COLOR,,
6372,750,CS PYLOX 1760,1760,PYLOX COLOR,,
2670,750,CS PYLOX 186,186,PYLOX COLOR,,
2067,750,CS PYLOX 189,189,PYLOX COLOR,,
2081,750,CS PYLOX 193,193,PYLOX COLOR,,
4550,750,CS PYLOX 195M,195M,PYLOX COLOR,,
780,750,CS PYLOX 200 INDIGO BLUE,200 INDIGO BLUE,PYLOX COLOR,,
6061,750,CS PYLOX 260 PRIMER,260 PRIMER,PYLOX COLOR,,
781,750,CS PYLOX 270 SURFACER,270 SURFACER,PYLOX COLOR,,
782,750,CS PYLOX 312 LIGHT BLUE,312 LIGHT BLUE,PYLOX COLOR,,
9136,750,CS PYLOX 587,587,PYLOX COLOR,,
783,750,CS PYLOX 661 200 HM FANCY RED,661 200 HM FANCY RED,PYLOX COLOR,,
784,750,CS PYLOX 661 569 HINO GREEN,661 569 HINO GREEN,PYLOX COLOR,,
4408,750,CS PYLOX 6611,6611,PYLOX COLOR,,
4409,750,CS PYLOX CHROME,CHROME,PYLOX COLOR,,
7590,750,CS PYLOX KMI U/C LIME GREEN,KMI U/C LIME GREEN,PYLOX COLOR,,
7024,750,CS PYLOX NP 8026M,NP 8026M,PYLOX COLOR,,
788,787,CT GLN QLUC 1501,1501,QLUC COLOR,,
789,787,CT GLN QLUC 1502,1502,QLUC COLOR,,
790,787,CT GLN QLUC 1503,1503,QLUC COLOR,,
792,787,CT GLN QLUC 1505,1505,QLUC COLOR,,
794,787,CT GLN QLUC 1508,1508,QLUC COLOR,,
795,787,CT GLN QLUC 1509,1509,QLUC COLOR,,
799,787,CT GLN QLUC 1514,1514,QLUC COLOR,,
800,787,CT GLN QLUC 1515,1515,QLUC COLOR,,
801,787,CT GLN QLUC 1516,1516,QLUC COLOR,,
802,787,CT GLN QLUC 1518,1518,QLUC COLOR,,
2014,787,CT GLN QLUC 1519,1519,QLUC COLOR,,
803,787,CT GLN QLUC 1520,1520,QLUC COLOR,,
805,787,CT GLN QLUC 1522,1522,QLUC COLOR,,
806,787,CT GLN QLUC 1523,1523,QLUC COLOR,,
807,787,CT GLN QLUC 1524,1524,QLUC COLOR,,
808,787,CT GLN QLUC 1525,1525,QLUC COLOR,,
809,787,CT GLN QLUC 1526,1526,QLUC COLOR,,
810,787,CT GLN QLUC 1527,1527,QLUC COLOR,,
811,787,CT GLN QLUC 1528,1528,QLUC COLOR,,
812,787,CT GLN QLUC 1529,1529,QLUC COLOR,,
814,787,CT GLN QLUC 1531,1531,QLUC COLOR,,
815,787,CT GLN QLUC 1532,1532,QLUC COLOR,,
817,787,CT GLN QLUC 1534,1534,QLUC COLOR,,
822,787,CT GLN QLUC 1539,1539,QLUC COLOR,,
823,787,CT GLN QLUC 1540,1540,QLUC COLOR,,
824,787,CT GLN QLUC 1541,1541,QLUC COLOR,,
3249,787,CT GLN QLUC 1546,1546,QLUC COLOR,,
3248,787,CT GLN QLUC 1547,1547,QLUC COLOR,,
3239,787,CT GLN QLUC 1548,1548,QLUC COLOR,,
3240,787,CT GLN QLUC 1549,1549,QLUC COLOR,,
4265,787,CT GLN QLUC 1550,1550,QLUC COLOR,,
4073,787,CT GLN QLUC 1552,1552,QLUC COLOR,,
4047,787,CT GLN QLUC 1553,1553,QLUC COLOR,,
4336,787,CT GLN QLUC 1554,1554,QLUC COLOR,,
4664,787,CT GLN QLUC 1555,1555,QLUC COLOR,,
4266,787,CT GLN QLUC 1556,1556,QLUC COLOR,,
4267,787,CT GLN QLUC 1557,1557,QLUC COLOR,,
6579,787,CT GLN QLUC 1558,1558,QLUC COLOR,,
6580,787,CT GLN QLUC 1559,1559,QLUC COLOR,,
6581,787,CT GLN QLUC 1560,1560,QLUC COLOR,,
6578,787,CT GLN QLUC 1561,1561,QLUC COLOR,,
804,787,CT GLN QLUC 1562,1562,QLUC COLOR,,
877,873,CT GLN SANLEX 033,033,SANLEX COLOR,,
878,873,CT GLN SANLEX 040,040,SANLEX COLOR,,
879,873,CT GLN SANLEX 046,046,SANLEX COLOR,,
881,873,CT GLN SANLEX 053,053,SANLEX COLOR,,
2104,873,CT GLN SANLEX 070,070,SANLEX COLOR,,
883,873,CT GLN SANLEX 093,093,SANLEX COLOR,,
884,873,CT GLN SANLEX 6000,6000,SANLEX COLOR,,
886,873,CT GLN SANLEX 605,605,SANLEX COLOR,,
887,873,CT GLN SANLEX 610,610,SANLEX COLOR,,
888,873,CT GLN SANLEX 611,611,SANLEX COLOR,,
2105,873,CT GLN SANLEX 614,614,SANLEX COLOR,,
889,873,CT GLN SANLEX 618,618,SANLEX COLOR,,
890,873,CT GLN SANLEX 620,620,SANLEX COLOR,,
892,873,CT GLN SANLEX 623,623,SANLEX COLOR,,
893,873,CT GLN SANLEX 631,631,SANLEX COLOR,,
894,873,CT GLN SANLEX 632,632,SANLEX COLOR,,
3882,873,CT GLN SANLEX 639,639,SANLEX COLOR,,
896,873,CT GLN SANLEX 640,640,SANLEX COLOR,,
2106,873,CT GLN SANLEX 642,642,SANLEX COLOR,,
4042,873,CT GLN SANLEX 644,644,SANLEX COLOR,,
897,873,CT GLN SANLEX 648,648,SANLEX COLOR,,
898,873,CT GLN SANLEX 649,649,SANLEX COLOR,,
900,873,CT GLN SANLEX 665,665,SANLEX COLOR,,
2107,873,CT GLN SANLEX 675,675,SANLEX COLOR,,
901,873,CT GLN SANLEX 679,679,SANLEX COLOR,,
902,873,CT GLN SANLEX 680,680,SANLEX COLOR,,
903,873,CT GLN SANLEX 681,681,SANLEX COLOR,,
904,873,CT GLN SANLEX 682,682,SANLEX COLOR,,
905,873,CT GLN SANLEX 683,683,SANLEX COLOR,,
906,873,CT GLN SANLEX 684,684,SANLEX COLOR,,
907,873,CT GLN SANLEX 685,685,SANLEX COLOR,,
908,873,CT GLN SANLEX 686,686,SANLEX COLOR,,
909,873,CT GLN SANLEX 687,687,SANLEX COLOR,,
910,873,CT GLN SANLEX 688,688,SANLEX COLOR,,
911,873,CT GLN SANLEX 689,689,SANLEX COLOR,,
912,873,CT GLN SANLEX 692,692,SANLEX COLOR,,
913,873,CT GLN SANLEX 693,693,SANLEX COLOR,,
914,873,CT GLN SANLEX 694,694,SANLEX COLOR,,
915,873,CT GLN SANLEX 695,695,SANLEX COLOR,,
916,873,CT GLN SANLEX 696,696,SANLEX COLOR,,
917,873,CT GLN SANLEX 700,700,SANLEX COLOR,,
2109,873,CT GLN SANLEX 701,701,SANLEX COLOR,,
918,873,CT GLN SANLEX 702,702,SANLEX COLOR,,
1562,873,CT GLN SANLEX 703,703,SANLEX COLOR,,
1559,873,CT GLN SANLEX 704,704,SANLEX COLOR,,
919,873,CT GLN SANLEX 705,705,SANLEX COLOR,,
920,873,CT GLN SANLEX 707,707,SANLEX COLOR,,
2110,873,CT GLN SANLEX 708,708,SANLEX COLOR,,
1905,873,CT GLN SANLEX 709,709,SANLEX COLOR,,
921,873,CT GLN SANLEX 710,710,SANLEX COLOR,,
922,873,CT GLN SANLEX 711,711,SANLEX COLOR,,
4043,873,CT GLN SANLEX 712,712,SANLEX COLOR,,
3595,873,CT GLN SANLEX 713,713,SANLEX COLOR,,
3785,873,CT GLN SANLEX 714,714,SANLEX COLOR,,
3709,873,CT GLN SANLEX 715,715,SANLEX COLOR,,
3903,873,CT GLN SANLEX 716,716,SANLEX COLOR,,
8242,873,CT GLN SANLEX 759,759,SANLEX COLOR,,
8272,873,CT GLN SANLEX 777,777,SANLEX COLOR,,
923,873,CT GLN SANLEX W678,W678,SANLEX COLOR,,
927,925,CT KG SANLEX 033,033,SANLEX COLOR,,
928,925,CT KG SANLEX 040,040,SANLEX COLOR,,
929,925,CT KG SANLEX 046,046,SANLEX COLOR,,
930,925,CT KG SANLEX 052,052,SANLEX COLOR,,
4558,925,CT KG SANLEX 053,053,SANLEX COLOR,,
931,925,CT KG SANLEX 6000,6000,SANLEX COLOR,,
932,925,CT KG SANLEX 605,605,SANLEX COLOR,,
933,925,CT KG SANLEX 611,611,SANLEX COLOR,,
934,925,CT KG SANLEX 618,618,SANLEX COLOR,,
935,925,CT KG SANLEX 620,620,SANLEX COLOR,,
937,925,CT KG SANLEX 623,623,SANLEX COLOR,,
938,925,CT KG SANLEX 631,631,SANLEX COLOR,,
939,925,CT KG SANLEX 632,632,SANLEX COLOR,,
6243,925,CT KG SANLEX 640,640,SANLEX COLOR,,
8342,925,CT KG SANLEX 642,642,SANLEX COLOR,,
940,925,CT KG SANLEX 649,649,SANLEX COLOR,,
941,925,CT KG SANLEX 650,650,SANLEX COLOR,,
942,925,CT KG SANLEX 665,665,SANLEX COLOR,,
2133,925,CT KG SANLEX 675,675,SANLEX COLOR,,
943,925,CT KG SANLEX 679,679,SANLEX COLOR,,
944,925,CT KG SANLEX 680,680,SANLEX COLOR,,
2134,925,CT KG SANLEX 681,681,SANLEX COLOR,,
945,925,CT KG SANLEX 682,682,SANLEX COLOR,,
946,925,CT KG SANLEX 685,685,SANLEX COLOR,,
947,925,CT KG SANLEX 686,686,SANLEX COLOR,,
948,925,CT KG SANLEX 687,687,SANLEX COLOR,,
949,925,CT KG SANLEX 689,689,SANLEX COLOR,,
950,925,CT KG SANLEX 692,692,SANLEX COLOR,,
951,925,CT KG SANLEX 693,693,SANLEX COLOR,,
952,925,CT KG SANLEX 694,694,SANLEX COLOR,,
953,925,CT KG SANLEX 695,695,SANLEX COLOR,,
954,925,CT KG SANLEX 696,696,SANLEX COLOR,,
1843,925,CT KG SANLEX 701,701,SANLEX COLOR,,
1844,925,CT KG SANLEX 702,702,SANLEX COLOR,,
1926,925,CT KG SANLEX 704,704,SANLEX COLOR,,
2132,925,CT KG SANLEX 705,705,SANLEX COLOR,,
6138,925,CT KG SANLEX 712,712,SANLEX COLOR,,
955,925,CT KG SANLEX W678,W678,SANLEX COLOR,,
1262,961,CT PAIL SANLEX 033,033,SANLEX COLOR,,
1258,961,CT PAIL SANLEX 040,040,SANLEX COLOR,,
1273,961,CT PAIL SANLEX 046,046,SANLEX COLOR,,
6271,961,CT PAIL SANLEX 053,053,SANLEX COLOR,,
4587,961,CT PAIL SANLEX 070,070,SANLEX COLOR,,
3784,961,CT PAIL SANLEX 093,093,SANLEX COLOR,,
962,961,CT PAIL SANLEX 6000,6000,SANLEX COLOR,,
1253,961,CT PAIL SANLEX 605,605,SANLEX COLOR,,
6253,961,CT PAIL SANLEX 610,610,SANLEX COLOR,,
1270,961,CT PAIL SANLEX 611,611,SANLEX COLOR,,
6251,961,CT PAIL SANLEX 618,618,SANLEX COLOR,,
1264,961,CT PAIL SANLEX 620,620,SANLEX COLOR,,
4586,961,CT PAIL SANLEX 623,623,SANLEX COLOR,,
6256,961,CT PAIL SANLEX 631,631,SANLEX COLOR,,
4585,961,CT PAIL SANLEX 632,632,SANLEX COLOR,,
6254,961,CT PAIL SANLEX 639,639,SANLEX COLOR,,
3726,961,CT PAIL SANLEX 640,640,SANLEX COLOR,,
6259,961,CT PAIL SANLEX 642,642,SANLEX COLOR,,
5427,961,CT PAIL SANLEX 644,644,SANLEX COLOR,,
6260,961,CT PAIL SANLEX 648,648,SANLEX COLOR,,
1255,961,CT PAIL SANLEX 649,649,SANLEX COLOR,,
1271,961,CT PAIL SANLEX 665,665,SANLEX COLOR,,
1254,961,CT PAIL SANLEX 675,675,SANLEX COLOR,,
4584,961,CT PAIL SANLEX 679,679,SANLEX COLOR,,
3727,961,CT PAIL SANLEX 680,680,SANLEX COLOR,,
1256,961,CT PAIL SANLEX 681,681,SANLEX COLOR,,
1257,961,CT PAIL SANLEX 682,682,SANLEX COLOR,,
1265,961,CT PAIL SANLEX 683,683,SANLEX COLOR,,
1269,961,CT PAIL SANLEX 684,684,SANLEX COLOR,,
1267,961,CT PAIL SANLEX 685,685,SANLEX COLOR,,
1260,961,CT PAIL SANLEX 686,686,SANLEX COLOR,,
1259,961,CT PAIL SANLEX 687,687,SANLEX COLOR,,
6273,961,CT PAIL SANLEX 688,688,SANLEX COLOR,,
1261,961,CT PAIL SANLEX 689,689,SANLEX COLOR,,
6284,961,CT PAIL SANLEX 692,692,SANLEX COLOR,,
6268,961,CT PAIL SANLEX 693,693,SANLEX COLOR,,
6270,961,CT PAIL SANLEX 694,694,SANLEX COLOR,,
1266,961,CT PAIL SANLEX 695,695,SANLEX COLOR,,
6258,961,CT PAIL SANLEX 696,696,SANLEX COLOR,,
6257,961,CT PAIL SANLEX 700,700,SANLEX COLOR,,
1251,961,CT PAIL SANLEX 701,701,SANLEX COLOR,,
1272,961,CT PAIL SANLEX 702,702,SANLEX COLOR,,
6252,961,CT PAIL SANLEX 703,703,SANLEX COLOR,,
1268,961,CT PAIL SANLEX 704,704,SANLEX COLOR,,
4041,961,CT PAIL SANLEX 705,705,SANLEX COLOR,,
3090,961,CT PAIL SANLEX 707,707,SANLEX COLOR,,
6261,961,CT PAIL SANLEX 709,709,SANLEX COLOR,,
1263,961,CT PAIL SANLEX 710,710,SANLEX COLOR,,
4040,961,CT PAIL SANLEX 711,711,SANLEX COLOR,,
6272,961,CT PAIL SANLEX 712,712,SANLEX COLOR,,
6255,961,CT PAIL SANLEX 713,713,SANLEX COLOR,,
4588,961,CT PAIL SANLEX 714,714,SANLEX COLOR,,
4582,961,CT PAIL SANLEX 715,715,SANLEX COLOR,,
6269,961,CT PAIL SANLEX 716,716,SANLEX COLOR,,
2693,996,CK KG SEIV HAMMERTONE 111,111,SEIV COLOR,,
3194,996,CK KG SEIV HAMMERTONE 222,222,SEIV COLOR,,
3344,996,CK KG SEIV HAMMERTONE 303 PALM GREEN,303 PALM GREEN,SEIV COLOR,,
2313,996,CK KG SEIV HAMMERTONE 333 GREEN,333 GREEN,SEIV COLOR,,
5131,996,CK KG SEIV HAMMERTONE 350,350,SEIV COLOR,,
6156,996,CK KG SEIV HAMMERTONE 444 BLUE,444 BLUE,SEIV COLOR,,
3342,996,CK KG SEIV HAMMERTONE 665 GREY,665 GREY,SEIV COLOR,,
2312,996,CK KG SEIV HAMMERTONE 888 BLACK,888 BLACK,SEIV COLOR,,
997,996,CK KG SEIV HAMMERTONE 999,999,SEIV COLOR,,
1471,1056,POLITUR KG ULTRAN P01 BROWN AR,BROWN AR,POLITUR ULTRAN COLOR,,
1472,1056,POLITUR KG ULTRAN P01 BROWN KJ,BROWN KJ,POLITUR ULTRAN COLOR,,
1057,1056,POLITUR KG ULTRAN P01 CLEAR DOF,CLEAR DOF,POLITUR ULTRAN COLOR,,
1058,1056,POLITUR KG ULTRAN P01 CLEAR GLOSS,CLEAR GLOSS,POLITUR ULTRAN COLOR,,
1470,1056,POLITUR KG ULTRAN P01 DARK BROWN,DARK BROWN,POLITUR ULTRAN COLOR,,
1469,1056,POLITUR KG ULTRAN P01 MAHONY,MAHONY,POLITUR ULTRAN COLOR,,
2357,1056,POLITUR KG ULTRAN P01 SHP BROWN,SHP BROWN,POLITUR ULTRAN COLOR,,
1807,1056,POLITUR KG ULTRAN P01 SOLAR RED,SOLAR RED,POLITUR ULTRAN COLOR,,
1059,1056,POLITUR KG ULTRAN P01 SOLAR YELLOW,SOLAR YELLOW,POLITUR ULTRAN COLOR,,
1307,1056,POLITUR KG ULTRAN P01 TEAK,TEAK,POLITUR ULTRAN COLOR,,
7688,1082,CT GLN VINILEX 057,057,VINILEX COLOR,,
2046,1082,CT GLN VINILEX 181,181,VINILEX COLOR,,
2020,1082,CT GLN VINILEX 182,182,VINILEX COLOR,,
2045,1082,CT GLN VINILEX 200,200,VINILEX COLOR,,
2023,1082,CT GLN VINILEX 241,241,VINILEX COLOR,,
1920,1082,CT GLN VINILEX 242,242,VINILEX COLOR,,
1902,1082,CT GLN VINILEX 243,243,VINILEX COLOR,,
1083,1082,CT GLN VINILEX 244,244,VINILEX COLOR,,
1084,1082,CT GLN VINILEX 300,300,VINILEX COLOR,,
2034,1082,CT GLN VINILEX 310,310,VINILEX COLOR,,
2026,1082,CT GLN VINILEX 316,316,VINILEX COLOR,,
1086,1082,CT GLN VINILEX 330,330,VINILEX COLOR,,
2027,1082,CT GLN VINILEX 332,332,VINILEX COLOR,,
2029,1082,CT GLN VINILEX 449,449,VINILEX COLOR,,
1544,1082,CT GLN VINILEX 622,622,VINILEX COLOR,,
2032,1082,CT GLN VINILEX 713,713,VINILEX COLOR,,
1093,1082,CT GLN VINILEX 8002,8002,VINILEX COLOR,,
1094,1082,CT GLN VINILEX 8003,8003,VINILEX COLOR,,
1095,1082,CT GLN VINILEX 8004,8004,VINILEX COLOR,,
1901,1082,CT GLN VINILEX 8005,8005,VINILEX COLOR,,
1096,1082,CT GLN VINILEX 8006,8006,VINILEX COLOR,,
1097,1082,CT GLN VINILEX 8007,8007,VINILEX COLOR,,
1522,1082,CT GLN VINILEX 8008,8008,VINILEX COLOR,,
1098,1082,CT GLN VINILEX 8009,8009,VINILEX COLOR,,
4592,1082,CT GLN VINILEX 8011,8011,VINILEX COLOR,,
4593,1082,CT GLN VINILEX 8013,8013,VINILEX COLOR,,
1601,1082,CT GLN VINILEX 900,900,VINILEX COLOR,,
2035,1082,CT GLN VINILEX 901,901,VINILEX COLOR,,
4594,1082,CT GLN VINILEX 904,904,VINILEX COLOR,,
2642,1082,CT GLN VINILEX 906,906,VINILEX COLOR,,
2036,1082,CT GLN VINILEX 907,907,VINILEX COLOR,,
2037,1082,CT GLN VINILEX 909,909,VINILEX COLOR,,
2038,1082,CT GLN VINILEX 910,910,VINILEX COLOR,,
1100,1082,CT GLN VINILEX 911,911,VINILEX COLOR,,
1101,1082,CT GLN VINILEX 912,912,VINILEX COLOR,,
1102,1082,CT GLN VINILEX 913,913,VINILEX COLOR,,
1103,1082,CT GLN VINILEX 914,914,VINILEX COLOR,,
1903,1082,CT GLN VINILEX 915,915,VINILEX COLOR,,
1104,1082,CT GLN VINILEX 916,916,VINILEX COLOR,,
4595,1082,CT GLN VINILEX 917,917,VINILEX COLOR,,
4596,1082,CT GLN VINILEX 918,918,VINILEX COLOR,,
3129,1082,CT GLN VINILEX 919,919,VINILEX COLOR,,
1105,1082,CT GLN VINILEX 920,920,VINILEX COLOR,,
3617,1082,CT GLN VINILEX 921,921,VINILEX COLOR,,
4260,1082,CT GLN VINILEX 922,922,VINILEX COLOR,,
1919,1082,CT GLN VINILEX 923,923,VINILEX COLOR,,
1106,1082,CT GLN VINILEX 924,924,VINILEX COLOR,,
1107,1082,CT GLN VINILEX 925,925,VINILEX COLOR,,
1108,1082,CT GLN VINILEX 926,926,VINILEX COLOR,,
1109,1082,CT GLN VINILEX 927,927,VINILEX COLOR,,
2040,1082,CT GLN VINILEX 931,931,VINILEX COLOR,,
1111,1082,CT GLN VINILEX 932,932,VINILEX COLOR,,
1112,1082,CT GLN VINILEX 933,933,VINILEX COLOR,,
2041,1082,CT GLN VINILEX 934,934,VINILEX COLOR,,
1114,1082,CT GLN VINILEX 936,936,VINILEX COLOR,,
1115,1082,CT GLN VINILEX 937,937,VINILEX COLOR,,
3106,1082,CT GLN VINILEX 938,938,VINILEX COLOR,,
3117,1082,CT GLN VINILEX 939,939,VINILEX COLOR,,
3513,1082,CT GLN VINILEX 940,940,VINILEX COLOR,,
3640,1082,CT GLN VINILEX 941,941,VINILEX COLOR,,
3564,1082,CT GLN VINILEX 942,942,VINILEX COLOR,,
3746,1082,CT GLN VINILEX 943,943,VINILEX COLOR,,
3858,1082,CT GLN VINILEX 944,944,VINILEX COLOR,,
3197,1082,CT GLN VINILEX 945,945,VINILEX COLOR,,
4597,1082,CT GLN VINILEX 946,946,VINILEX COLOR,,
3688,1082,CT GLN VINILEX 947,947,VINILEX COLOR,,
3622,1082,CT GLN VINILEX 948,948,VINILEX COLOR,,
3722,1082,CT GLN VINILEX 950,950,VINILEX COLOR,,
3765,1082,CT GLN VINILEX 951,951,VINILEX COLOR,,
4598,1082,CT GLN VINILEX 952,952,VINILEX COLOR,,
4599,1082,CT GLN VINILEX 953A,953A,VINILEX COLOR,,
4277,1082,CT GLN VINILEX 954A,954A,VINILEX COLOR,,
4279,1082,CT GLN VINILEX 955A,955A,VINILEX COLOR,,
4600,1082,CT GLN VINILEX 956A,956A,VINILEX COLOR,,
4601,1082,CT GLN VINILEX 957,957,VINILEX COLOR,,
8846,1082,CT GLN VINILEX 957A,957A,VINILEX COLOR,,
4602,1082,CT GLN VINILEX 958A,958A,VINILEX COLOR,,
4604,1082,CT GLN VINILEX 959,959,VINILEX COLOR,,
8847,1082,CT GLN VINILEX 959A,959A,VINILEX COLOR,,
4319,1082,CT GLN VINILEX 960A,960A,VINILEX COLOR,,
2042,1082,CT GLN VINILEX 971,971,VINILEX COLOR,,
4605,1082,CT GLN VINILEX 972,972,VINILEX COLOR,,
1804,1082,CT GLN VINILEX 973,973,VINILEX COLOR,,
2043,1082,CT GLN VINILEX 976,976,VINILEX COLOR,,
1116,1082,CT GLN VINILEX 978,978,VINILEX COLOR,,
1117,1082,CT GLN VINILEX 979,979,VINILEX COLOR,,
1119,1082,CT GLN VINILEX 982,982,VINILEX COLOR,,
1120,1082,CT GLN VINILEX 983,983,VINILEX COLOR,,
4875,1082,CT GLN VINILEX 990 SB,990 SB,VINILEX COLOR,,
1247,1122,CT PAIL VINILEX 300,300,VINILEX COLOR,,
8049,1122,CT PAIL VINILEX 330,330,VINILEX COLOR,,
6099,1122,CT PAIL VINILEX 449,449,VINILEX COLOR,,
2298,1122,CT PAIL VINILEX 8002,8002,VINILEX COLOR,,
4474,1122,CT PAIL VINILEX 8003,8003,VINILEX COLOR,,
3729,1122,CT PAIL VINILEX 8004,8004,VINILEX COLOR,,
1249,1122,CT PAIL VINILEX 8005,8005,VINILEX COLOR,,
2332,1122,CT PAIL VINILEX 8006,8006,VINILEX COLOR,,
2329,1122,CT PAIL VINILEX 8007,8007,VINILEX COLOR,,
3690,1122,CT PAIL VINILEX 8008,8008,VINILEX COLOR,,
2330,1122,CT PAIL VINILEX 8009,8009,VINILEX COLOR,,
1248,1122,CT PAIL VINILEX 900,900,VINILEX COLOR,,
8681,1122,CT PAIL VINILEX 901,901,VINILEX COLOR,,
7762,1122,CT PAIL VINILEX 906,906,VINILEX COLOR,,
7332,1122,CT PAIL VINILEX 910,910,VINILEX COLOR,,
7452,1122,CT PAIL VINILEX 914,914,VINILEX COLOR,,
3728,1122,CT PAIL VINILEX 920,920,VINILEX COLOR,,
7195,1122,CT PAIL VINILEX 921,921,VINILEX COLOR,,
6906,1122,CT PAIL VINILEX 922,922,VINILEX COLOR,,
6388,1122,CT PAIL VINILEX 923,923,VINILEX COLOR,,
6303,1122,CT PAIL VINILEX 926,926,VINILEX COLOR,,
6379,1122,CT PAIL VINILEX 927,927,VINILEX COLOR,,
4473,1122,CT PAIL VINILEX 933,933,VINILEX COLOR,,
5196,1122,CT PAIL VINILEX 941,941,VINILEX COLOR,,
6794,1122,CT PAIL VINILEX 944,944,VINILEX COLOR,,
6302,1122,CT PAIL VINILEX 947,947,VINILEX COLOR,,
7189,1122,CT PAIL VINILEX 948,948,VINILEX COLOR,,
4475,1122,CT PAIL VINILEX 950,950,VINILEX COLOR,,
5421,1122,CT PAIL VINILEX 953A,953A,VINILEX COLOR,,
6281,1122,CT PAIL VINILEX 954A,954A,VINILEX COLOR,,
6047,1122,CT PAIL VINILEX 958A,958A,VINILEX COLOR,,
1250,1122,CT PAIL VINILEX 973,973,VINILEX COLOR,,
2331,1122,CT PAIL VINILEX 976,976,VINILEX COLOR,,
6264,1122,CT PAIL VINILEX 978,978,VINILEX COLOR,,
7852,1122,CT PAIL VINILEX 979,979,VINILEX COLOR,,
2969,1122,CT PAIL VINILEX 982,982,VINILEX COLOR,,
1172,1171,CT KG WONDER 6606,6606,WONDER COLOR,,
4439,1171,CT KG WONDER 6607,6607,WONDER COLOR,,
2153,1171,CT KG WONDER 66610,66610,WONDER COLOR,,
1173,1171,CT KG WONDER 6662,6662,WONDER COLOR,,
2154,1171,CT KG WONDER 6663,6663,WONDER COLOR,,
2150,1171,CT KG WONDER 6667,6667,WONDER COLOR,,
4561,1171,CT KG WONDER 6668,6668,WONDER COLOR,,
1174,1171,CT KG WONDER 6670,6670,WONDER COLOR,,
1175,1171,CT KG WONDER 6671,6671,WONDER COLOR,,
1176,1171,CT KG WONDER 6672,6672,WONDER COLOR,,
1177,1171,CT KG WONDER 6673,6673,WONDER COLOR,,
1178,1171,CT KG WONDER 6677,6677,WONDER COLOR,,
1179,1171,CT KG WONDER 6680,6680,WONDER COLOR,,
1180,1171,CT KG WONDER 6681,6681,WONDER COLOR,,
1181,1171,CT KG WONDER 6682,6682,WONDER COLOR,,
1182,1171,CT KG WONDER 6683,6683,WONDER COLOR,,
1183,1171,CT KG WONDER 6684,6684,WONDER COLOR,,
1184,1171,CT KG WONDER 6685,6685,WONDER COLOR,,
1185,1171,CT KG WONDER 6686,6686,WONDER COLOR,,
1186,1171,CT KG WONDER 6687,6687,WONDER COLOR,,
1187,1171,CT KG WONDER 6688,6688,WONDER COLOR,,
1188,1171,CT KG WONDER 6689,6689,WONDER COLOR,,
1189,1171,CT KG WONDER 6690,6690,WONDER COLOR,,
1190,1171,CT KG WONDER 6691,6691,WONDER COLOR,,
1191,1171,CT KG WONDER 6696,6696,WONDER COLOR,,
1192,1171,CT KG WONDER 6697,6697,WONDER COLOR,,
1193,1171,CT KG WONDER 6698,6698,WONDER COLOR,,
2152,1171,CT KG WONDER 6699,6699,WONDER COLOR,,
1284,1194,CT PAIL WONDER 6601,6601,WONDER COLOR,,
4614,1194,CT PAIL WONDER 6602,6602,WONDER COLOR,,
1195,1194,CT PAIL WONDER 6607 WHITE,6607 WHITE,WONDER COLOR,,
4613,1194,CT PAIL WONDER 6608,6608,WONDER COLOR,,
4612,1194,CT PAIL WONDER 6661,6661,WONDER COLOR,,
1274,1194,CT PAIL WONDER 66610,66610,WONDER COLOR,,
1277,1194,CT PAIL WONDER 6663,6663,WONDER COLOR,,
1282,1194,CT PAIL WONDER 6666,6666,WONDER COLOR,,
1276,1194,CT PAIL WONDER 6667,6667,WONDER COLOR,,
1278,1194,CT PAIL WONDER 6672,6672,WONDER COLOR,,
1281,1194,CT PAIL WONDER 6673,6673,WONDER COLOR,,
6560,1194,CT PAIL WONDER 6675,6675,WONDER COLOR,,
1275,1194,CT PAIL WONDER 6681,6681,WONDER COLOR,,
7385,1194,CT PAIL WONDER 6682,6682,WONDER COLOR,,
1285,1194,CT PAIL WONDER 6683,6683,WONDER COLOR,,
5088,1194,CT PAIL WONDER 6686,6686,WONDER COLOR,,
1279,1194,CT PAIL WONDER 6687,6687,WONDER COLOR,,
1280,1194,CT PAIL WONDER 6691,6691,WONDER COLOR,,
7607,1194,CT PAIL WONDER 6695,6695,WONDER COLOR,,
6180,1194,CT PAIL WONDER 6696,6696,WONDER COLOR,,
6689,1194,CT PAIL WONDER 6697,6697,WONDER COLOR,,
8438,1201,CK PAIL AVIAN ALLUMINIUM,ALLUMINIUM,AVIAN COLOR,,
5449,1213,BASE CT PAIL CATYLAC BASE A,BASE A,PAINT BASE,,
5436,1213,BASE CT PAIL CATYLAC BASE B,BASE B,PAINT BASE,,
5437,1213,BASE CT PAIL CATYLAC BASE C,BASE C,PAINT BASE,,
5438,1213,BASE CT PAIL CATYLAC BASE D,BASE D,PAINT BASE,,
4460,1218,CS OXYGEN HI-TEMP BLACK,BLACK,OXYGEN COLOR,,
4534,1218,CS OXYGEN HI-TEMP SILVER,SILVER,OXYGEN COLOR,,
7009,1231,CT KG VINILEX 242,242,VINILEX COLOR,,
6573,1231,CT KG VINILEX 300,300,VINILEX COLOR,,
7182,1231,CT KG VINILEX 8003,8003,VINILEX COLOR,,
5487,1328,BASE CT PAIL DULUX PENTALITE BASE A,BASE A,PAINT BASE,,
5488,1328,BASE CT PAIL DULUX PENTALITE BASE B,BASE B,PAINT BASE,,
5489,1328,BASE CT PAIL DULUX PENTALITE BASE C,BASE C,PAINT BASE,,
5490,1328,BASE CT PAIL DULUX PENTALITE BASE D,BASE D,PAINT BASE,,
5460,1329,BASE CT GLN DULUX PENTALITE BASE A,BASE A,PAINT BASE,,
5461,1329,BASE CT GLN DULUX PENTALITE BASE B,BASE B,PAINT BASE,,
5462,1329,BASE CT GLN DULUX PENTALITE BASE C,BASE C,PAINT BASE,,
5768,1329,BASE CT GLN DULUX PENTALITE BASE D,BASE D,PAINT BASE,,
398,1456,POLITUR GLN IMPRA ML-131 CLEAR DOF 2KOMP,ML-131 CLEAR DOF 2KOMP,POLITUR IMPRA COLOR,,
399,1456,POLITUR GLN IMPRA ML-131 CLEAR GLOSS 2KOMP,ML-131 CLEAR GLOSS 2KOMP,POLITUR IMPRA COLOR,,
400,1456,POLITUR GLN IMPRA ML-131 SEMI GLOSS 2KOMP,ML-131 SEMI GLOSS 2KOMP,POLITUR IMPRA COLOR,,
403,1456,POLITUR GLN IMPRA MSS-123 SANDING 2KOMP,MSS-123 SANDING 2KOMP,POLITUR IMPRA COLOR,,
401,1456,POLITUR GLN IMPRA NC-141 CLEAR DOF,NC-141 CLEAR DOF,POLITUR IMPRA COLOR,,
402,1456,POLITUR GLN IMPRA NC-141 CLEAR GLOSS,NC-141 CLEAR GLOSS,POLITUR IMPRA COLOR,,
2362,1456,POLITUR GLN IMPRA NC-141 SEMI GLOSS,NC-141 SEMI GLOSS,POLITUR IMPRA COLOR,,
405,1456,POLITUR GLN IMPRA SS-121 SANDING,SS-121 SANDING,POLITUR IMPRA COLOR,,
406,1457,POLITUR KG IMPRA ML-131 CLEAR DOF 2KOMP,ML-131 CLEAR DOF 2KOMP,POLITUR IMPRA COLOR,,
407,1457,POLITUR KG IMPRA ML-131 CLEAR GLOSS 2KOMP,ML-131 CLEAR GLOSS 2KOMP,POLITUR IMPRA COLOR,,
2363,1457,POLITUR KG IMPRA ML-131 SEMI GLOSS,ML-131 SEMI GLOSS,POLITUR IMPRA COLOR,,
411,1457,POLITUR KG IMPRA MSS-123 SANDING 2KOMP,MSS-123 SANDING 2KOMP,POLITUR IMPRA COLOR,,
408,1457,POLITUR KG IMPRA NC-141 CLEAR DOF,NC-141 CLEAR DOF,POLITUR IMPRA COLOR,,
409,1457,POLITUR KG IMPRA NC-141 CLEAR GLOSS,NC-141 CLEAR GLOSS,POLITUR IMPRA COLOR,,
2361,1457,POLITUR KG IMPRA NC-141 SEMI GLOSS,NC-141 SEMI GLOSS,POLITUR IMPRA COLOR,,
410,1457,POLITUR KG IMPRA SS-121 SANDING,SS-121 SANDING,POLITUR IMPRA COLOR,,
1877,1473,POLITUR KG MOWILEX WS 100 - AQUA BLUE,100 - AQUA BLUE,MOWILEX POLITUR COLOR,,
4583,1473,POLITUR KG MOWILEX WS 200,200,MOWILEX POLITUR COLOR,,
1876,1473,POLITUR KG MOWILEX WS 300 - OAK,300 - OAK,MOWILEX POLITUR COLOR,,
1874,1473,POLITUR KG MOWILEX WS 301 - PINE,301 - PINE,MOWILEX POLITUR COLOR,,
1878,1473,POLITUR KG MOWILEX WS 400 - ROSEWOOD,400 - ROSEWOOD,MOWILEX POLITUR COLOR,,
4581,1473,POLITUR KG MOWILEX WS 401,401,MOWILEX POLITUR COLOR,,
1882,1473,POLITUR KG MOWILEX WS 402 - REDWOOD,402 - REDWOOD,MOWILEX POLITUR COLOR,,
1880,1473,POLITUR KG MOWILEX WS 403 - CHERRY,403 - CHERRY,MOWILEX POLITUR COLOR,,
1873,1473,POLITUR KG MOWILEX WS 500 - MAHOGANY,500 - MAHOGANY,MOWILEX POLITUR COLOR,,
1875,1473,POLITUR KG MOWILEX WS 502 - PALISANDER,502 - PALISANDER,MOWILEX POLITUR COLOR,,
1879,1473,POLITUR KG MOWILEX WS 503 - WALNUT,503 - WALNUT,MOWILEX POLITUR COLOR,,
1883,1473,POLITUR KG MOWILEX WS 504 - AKASIA,504 - AKASIA,MOWILEX POLITUR COLOR,,
1884,1473,POLITUR KG MOWILEX WS 600 - ANTIQUE BLACK,600 - ANTIQUE BLACK,MOWILEX POLITUR COLOR,,
1881,1473,POLITUR KG MOWILEX WS 601 - OLIVE GREY,601 - OLIVE GREY,MOWILEX POLITUR COLOR,,
1886,1473,POLITUR KG MOWILEX WS 602,602,MOWILEX POLITUR COLOR,,
1885,1473,POLITUR KG MOWILEX WS CLEAR FINISH,CLEAR FINISH,MOWILEX POLITUR COLOR,,
149,1478,BAK MANDI KOTAK 100LT BIRU,BIRU,GENERIC COLOR,,
1481,1478,BAK MANDI KOTAK 100LT HIJAU,HIJAU,GENERIC COLOR,,
6429,1478,BAK MANDI KOTAK 100LT IVORY,IVORY,GENERIC COLOR,,
150,1478,BAK MANDI KOTAK 100LT PINK,PINK,GENERIC COLOR,,
151,1478,BAK MANDI KOTAK 100LT PUTIH,PUTIH,GENERIC COLOR,,
154,1479,BAK MANDI SUDUT 100LT BIRU,BIRU,GENERIC COLOR,,
155,1479,BAK MANDI SUDUT 100LT PINK,PINK,GENERIC COLOR,,
156,1479,BAK MANDI SUDUT 100LT PUTIH,PUTIH,GENERIC COLOR,,
152,1480,BAK MANDI KOTAK 200LT BIRU,BIRU,GENERIC COLOR,,
5555,1480,BAK MANDI KOTAK 200LT PINK,PINK,GENERIC COLOR,,
153,1480,BAK MANDI KOTAK 200LT PUTIH,PUTIH,GENERIC COLOR,,
4391,1527,WTP NODROP BITUMEN GLN BLACK,GLN BLACK,WTP NODROP BITUMEN,,
6473,1527,WTP NODROP BITUMEN KG BLACK,KG BLACK,WTP NODROP BITUMEN,,
4482,1527,WTP NODROP BITUMEN PAIL BLACK,PAIL BLACK,WTP NODROP BITUMEN,,
473,1531,KLOSET JONGKOK INA BIRU,BIRU,CLOSET COLOR,,
6717,1531,KLOSET JONGKOK INA CREAM,CREAM,CLOSET COLOR,,
1536,1531,KLOSET JONGKOK INA HIJAU,HIJAU,CLOSET COLOR,,
476,1531,KLOSET JONGKOK INA PINK,PINK,CLOSET COLOR,,
477,1531,KLOSET JONGKOK INA PUTIH,PUTIH,CLOSET COLOR,,
6755,1533,KLOSET JONGKOK BIASA BEST BIRU,BIRU,CLOSET COLOR,BEST,CLOSET BRAND
3392,1533,KLOSET JONGKOK BIASA DUTY BIRU,BIRU,CLOSET COLOR,DUTY,CLOSET BRAND
3252,1533,KLOSET JONGKOK BIASA LIGA BIRU,BIRU,CLOSET COLOR,LIGA,CLOSET BRAND
3257,1533,KLOSET JONGKOK BIASA TCI BIRU,BIRU,CLOSET COLOR,TCI,CLOSET BRAND
3258,1533,KLOSET JONGKOK BIASA TCI BIRU TUA,BIRU TUA,CLOSET COLOR,TCI,CLOSET BRAND
6071,1533,KLOSET JONGKOK BIASA TCI HIJAU,HIJAU,CLOSET COLOR,TCI,CLOSET BRAND
6073,1533,KLOSET JONGKOK BIASA LIGA PINK,PINK,CLOSET COLOR,LIGA,CLOSET BRAND
6072,1533,KLOSET JONGKOK BIASA TCI PINK,PINK,CLOSET COLOR,TCI,CLOSET BRAND
472,1533,KLOSET JONGKOK BIASA DUTY PUTIH,PUTIH,CLOSET COLOR,DUTY,CLOSET BRAND
3650,1533,KLOSET JONGKOK BIASA GLOBAL PUTIH,PUTIH,CLOSET COLOR,GLOBAL,CLOSET BRAND
4332,1533,KLOSET JONGKOK BIASA TCI PUTIH,PUTIH,CLOSET COLOR,TCI,CLOSET BRAND
4169,1533,KLOSET JONGKOK BIASA TERRACOTTA PUTIH,PUTIH,CLOSET COLOR,TERRACOTA,CLOSET BRAND
1436,1833,CT GLN ARIES 625 - AQUARINE,625 - AQUARINE,ARIES COLOR,,
1439,1833,CT GLN ARIES 641 - COUNTRY CREAM,641 - COUNTRY CREAM,ARIES COLOR,,
1423,1833,CT GLN ARIES 680 - GREEN TEA,680 - GREEN TEA,ARIES COLOR,,
7704,1833,CT GLN ARIES GOLD SW,GOLD SW,ARIES COLOR,,
1441,1833,CT GLN ARIES STD SW,STD SW,ARIES COLOR,,
971,2174,CK KG SEIV 116,116,SEIV COLOR,,
3580,2174,CK KG SEIV 138M,138M,SEIV COLOR,,
2188,2174,CK KG SEIV 143M,143M,SEIV COLOR,,
2010,2174,CK KG SEIV 144M,144M,SEIV COLOR,,
2197,2174,CK KG SEIV 145M,145M,SEIV COLOR,,
3560,2174,CK KG SEIV 150M,150M,SEIV COLOR,,
2181,2174,CK KG SEIV 151M,151M,SEIV COLOR,,
4603,2174,CK KG SEIV 152,152,SEIV COLOR,,
972,2174,CK KG SEIV 152M,152M,SEIV COLOR,,
2186,2174,CK KG SEIV 153M,153M,SEIV COLOR,,
973,2174,CK KG SEIV 154M,154M,SEIV COLOR,,
2194,2174,CK KG SEIV 158M,158M,SEIV COLOR,,
2180,2174,CK KG SEIV 159M,159M,SEIV COLOR,,
2179,2174,CK KG SEIV 161M,161M,SEIV COLOR,,
3561,2174,CK KG SEIV 165M,165M,SEIV COLOR,,
974,2174,CK KG SEIV 180,180,SEIV COLOR,,
975,2174,CK KG SEIV 180M,180M,SEIV COLOR,,
3005,2174,CK KG SEIV 181,181,SEIV COLOR,,
4606,2174,CK KG SEIV 201,201,SEIV COLOR,,
2203,2174,CK KG SEIV 2023 SPC 1,2023 SPC 1,SEIV COLOR,,
1892,2174,CK KG SEIV 2029,2029,SEIV COLOR,,
976,2174,CK KG SEIV 2031,2031,SEIV COLOR,,
977,2174,CK KG SEIV 2037,2037,SEIV COLOR,,
978,2174,CK KG SEIV 2037M,2037M,SEIV COLOR,,
4607,2174,CK KG SEIV 211,211,SEIV COLOR,,
3584,2174,CK KG SEIV 219M,219M,SEIV COLOR,,
2224,2174,CK KG SEIV 225,225,SEIV COLOR,,
2805,2174,CK KG SEIV 234 SPC 1,234 SPC 1,SEIV COLOR,,
3888,2174,CK KG SEIV 248,248,SEIV COLOR,,
5447,2174,CK KG SEIV 248 SPC 1,248 SPC 1,SEIV COLOR,,
2229,2174,CK KG SEIV 256,256,SEIV COLOR,,
2007,2174,CK KG SEIV 260 SPC 2,260 SPC 2,SEIV COLOR,,
3279,2174,CK KG SEIV 273 SPC 1,273 SPC 1,SEIV COLOR,,
2223,2174,CK KG SEIV 288,288,SEIV COLOR,,
4113,2174,CK KG SEIV 290,290,SEIV COLOR,,
2219,2174,CK KG SEIV 299,299,SEIV COLOR,,
4615,2174,CK KG SEIV 304 SPC 1,304 SPC 1,SEIV COLOR,,
2182,2174,CK KG SEIV 305M,305M,SEIV COLOR,,
2232,2174,CK KG SEIV 311,311,SEIV COLOR,,
3253,2174,CK KG SEIV 316,316,SEIV COLOR,,
1996,2174,CK KG SEIV 321,321,SEIV COLOR,,
2177,2174,CK KG SEIV 322M,322M,SEIV COLOR,,
4616,2174,CK KG SEIV 345 SPC 1,345 SPC 1,SEIV COLOR,,
2241,2174,CK KG SEIV 3476,3476,SEIV COLOR,,
3562,2174,CK KG SEIV 347M,347M,SEIV COLOR,,
4608,2174,CK KG SEIV 349,349,SEIV COLOR,,
3199,2174,CK KG SEIV 359,359,SEIV COLOR,,
2220,2174,CK KG SEIV 360,360,SEIV COLOR,,
2183,2174,CK KG SEIV 361M,361M,SEIV COLOR,,
2221,2174,CK KG SEIV 367,367,SEIV COLOR,,
2226,2174,CK KG SEIV 377,377,SEIV COLOR,,
3341,2174,CK KG SEIV 378,378,SEIV COLOR,,
981,2174,CK KG SEIV 382,382,SEIV COLOR,,
2204,2174,CK KG SEIV 383,383,SEIV COLOR,,
4310,2174,CK KG SEIV 393,393,SEIV COLOR,,
2213,2174,CK KG SEIV 4-758,4-758,SEIV COLOR,,
2937,2174,CK KG SEIV 404 SPC 1,404 SPC 1,SEIV COLOR,,
4617,2174,CK KG SEIV 412 SPC 1,412 SPC 1,SEIV COLOR,,
2377,2174,CK KG SEIV 412M,412M,SEIV COLOR,,
1995,2174,CK KG SEIV 422,422,SEIV COLOR,,
3783,2174,CK KG SEIV 429M,429M,SEIV COLOR,,
2231,2174,CK KG SEIV 437 SPC 1,437 SPC 1,SEIV COLOR,,
2227,2174,CK KG SEIV 44182,44182,SEIV COLOR,,
2205,2174,CK KG SEIV 448,448,SEIV COLOR,,
3167,2174,CK KG SEIV 449,449,SEIV COLOR,,
2206,2174,CK KG SEIV 456,456,SEIV COLOR,,
2217,2174,CK KG SEIV 460 SPC 2,460 SPC 2,SEIV COLOR,,
2207,2174,CK KG SEIV 467,467,SEIV COLOR,,
4609,2174,CK KG SEIV 4758,4758,SEIV COLOR,,
2228,2174,CK KG SEIV 480,480,SEIV COLOR,,
2230,2174,CK KG SEIV 484,484,SEIV COLOR,,
2208,2174,CK KG SEIV 499,499,SEIV COLOR,,
2200,2174,CK KG SEIV 5-53,5-53,SEIV COLOR,,
2201,2174,CK KG SEIV 500,500,SEIV COLOR,,
4461,2174,CK KG SEIV 500 SPC 1,500 SPC 1,SEIV COLOR,,
2189,2174,CK KG SEIV 506M,506M,SEIV COLOR,,
4610,2174,CK KG SEIV 519,519,SEIV COLOR,,
3563,2174,CK KG SEIV 526M,526M,SEIV COLOR,,
4611,2174,CK KG SEIV 553,553,SEIV COLOR,,
4618,2174,CK KG SEIV 560 SPC 2,560 SPC 2,SEIV COLOR,,
2202,2174,CK KG SEIV 567,567,SEIV COLOR,,
2196,2174,CK KG SEIV 571M,571M,SEIV COLOR,,
2209,2174,CK KG SEIV 580,580,SEIV COLOR,,
2210,2174,CK KG SEIV 581,581,SEIV COLOR,,
1614,2174,CK KG SEIV 582,582,SEIV COLOR,,
2211,2174,CK KG SEIV 583,583,SEIV COLOR,,
982,2174,CK KG SEIV 584,584,SEIV COLOR,,
3661,2174,CK KG SEIV 613,613,SEIV COLOR,,
2212,2174,CK KG SEIV 628,628,SEIV COLOR,,
983,2174,CK KG SEIV 633,633,SEIV COLOR,,
2176,2174,CK KG SEIV 656,656,SEIV COLOR,,
984,2174,CK KG SEIV 6610- INDUSTRIAL CHROMATE,6610- INDUSTRIAL CHROMATE,SEIV COLOR,,
2545,2174,CK KG SEIV 6640,6640,SEIV COLOR,,
2216,2174,CK KG SEIV 673,673,SEIV COLOR,,
2728,2174,CK KG SEIV 678M,678M,SEIV COLOR,,
986,2174,CK KG SEIV 680,680,SEIV COLOR,,
987,2174,CK KG SEIV 681,681,SEIV COLOR,,
2225,2174,CK KG SEIV 682,682,SEIV COLOR,,
1548,2174,CK KG SEIV 684,684,SEIV COLOR,,
2233,2174,CK KG SEIV 685 SPC 1,685 SPC 1,SEIV COLOR,,
2978,2174,CK KG SEIV 695,695,SEIV COLOR,,
2184,2174,CK KG SEIV 705M,705M,SEIV COLOR,,
988,2174,CK KG SEIV 709,709,SEIV COLOR,,
1290,2174,CK KG SEIV 713M,713M,SEIV COLOR,,
989,2174,CK KG SEIV 727,727,SEIV COLOR,,
2191,2174,CK KG SEIV 733M,733M,SEIV COLOR,,
2198,2174,CK KG SEIV 738,738,SEIV COLOR,,
5424,2174,CK KG SEIV 744M,744M,SEIV COLOR,,
2199,2174,CK KG SEIV 745,745,SEIV COLOR,,
2195,2174,CK KG SEIV 752M,752M,SEIV COLOR,,
2218,2174,CK KG SEIV 753,753,SEIV COLOR,,
5011,2174,CK KG SEIV 753M,753M,SEIV COLOR,,
2013,2174,CK KG SEIV 755,755,SEIV COLOR,,
2192,2174,CK KG SEIV 755M,755M,SEIV COLOR,,
990,2174,CK KG SEIV 774M,774M,SEIV COLOR,,
991,2174,CK KG SEIV 780,780,SEIV COLOR,,
992,2174,CK KG SEIV 781,781,SEIV COLOR,,
2190,2174,CK KG SEIV 793M,793M,SEIV COLOR,,
2178,2174,CK KG SEIV 795M,795M,SEIV COLOR,,
993,2174,CK KG SEIV 827M,827M,SEIV COLOR,,
994,2174,CK KG SEIV 880,880,SEIV COLOR,,
995,2174,CK KG SEIV 880M,880M,SEIV COLOR,,
3662,2174,CK KG SEIV 985,985,SEIV COLOR,,
4619,2174,CK KG SEIV 985M,985M,SEIV COLOR,,
3964,2595,CK 1/4KG BRILLO 1110 WHITE,1110 WHITE,BRILLO COLOR,,
5742,2595,CK 1/4KG BRILLO 1113 WHITE MATT,1113 WHITE MATT,BRILLO COLOR,,
1467,3132,POLITUR KG ULTRAN P03 BROWN AR,BROWN AR,POLITUR ULTRAN COLOR,,
1466,3132,POLITUR KG ULTRAN P03 BROWN KJ,BROWN KJ,POLITUR ULTRAN COLOR,,
2938,3132,POLITUR KG ULTRAN P03 CLEAR DOF,CLEAR DOF,POLITUR ULTRAN COLOR,,
2939,3132,POLITUR KG ULTRAN P03 CLEAR GLOSS,CLEAR GLOSS,POLITUR ULTRAN COLOR,,
1604,3132,POLITUR KG ULTRAN P03 DARK BROWN,DARK BROWN,POLITUR ULTRAN COLOR,,
1468,3132,POLITUR KG ULTRAN P03 MAHONY,MAHONY,POLITUR ULTRAN COLOR,,
2359,3132,POLITUR KG ULTRAN P03 SHP BROWN,SHP BROWN,POLITUR ULTRAN COLOR,,
2358,3132,POLITUR KG ULTRAN P03 SOLAR RED,SOLAR RED,POLITUR ULTRAN COLOR,,
1061,3132,POLITUR KG ULTRAN P03 SOLAR YELLOW,SOLAR YELLOW,POLITUR ULTRAN COLOR,,
1062,3132,POLITUR KG ULTRAN P03 TEAK,TEAK,POLITUR ULTRAN COLOR,,
1599,3214,HAMPLAS METER EKAMENT 100,100,SANDPAPER GRIT,,
596,3214,HAMPLAS METER EKAMENT 120,120,SANDPAPER GRIT,,
2976,3214,HAMPLAS METER EKAMENT 150,150,SANDPAPER GRIT,,
1600,3214,HAMPLAS METER EKAMENT 180,180,SANDPAPER GRIT,,
1566,3214,HAMPLAS METER EKAMENT 240,240,SANDPAPER GRIT,,
3136,3214,HAMPLAS METER EKAMENT 320,320,SANDPAPER GRIT,,
2848,3214,HAMPLAS METER EKAMENT 400,400,SANDPAPER GRIT,,
1564,3214,HAMPLAS METER EKAMENT 60,60,SANDPAPER GRIT,,
1565,3214,HAMPLAS METER EKAMENT 80,80,SANDPAPER GRIT,,
1709,3215,HAMPLAS DUCO NIKEN 1000,1000,SANDPAPER GRIT,,
1597,3320,HAMPLAS DUCO DAESUNG 100,100,SANDPAPER GRIT,,
380,3320,HAMPLAS DUCO DAESUNG 1000,1000,SANDPAPER GRIT,,
382,3320,HAMPLAS DUCO DAESUNG 120,120,SANDPAPER GRIT,,
2262,3320,HAMPLAS DUCO DAESUNG 150,150,SANDPAPER GRIT,,
383,3320,HAMPLAS DUCO DAESUNG 1500,1500,SANDPAPER GRIT,,
384,3320,HAMPLAS DUCO DAESUNG 180,180,SANDPAPER GRIT,,
2690,3320,HAMPLAS DUCO DAESUNG 2000,2000,SANDPAPER GRIT,,
387,3320,HAMPLAS DUCO DAESUNG 220,220,SANDPAPER GRIT,,
388,3320,HAMPLAS DUCO DAESUNG 240,240,SANDPAPER GRIT,,
389,3320,HAMPLAS DUCO DAESUNG 280,280,SANDPAPER GRIT,,
391,3320,HAMPLAS DUCO DAESUNG 320,320,SANDPAPER GRIT,,
392,3320,HAMPLAS DUCO DAESUNG 360,360,SANDPAPER GRIT,,
393,3320,HAMPLAS DUCO DAESUNG 400,400,SANDPAPER GRIT,,
2928,3320,HAMPLAS DUCO DAESUNG 500,500,SANDPAPER GRIT,,
394,3320,HAMPLAS DUCO DAESUNG 60,60,SANDPAPER GRIT,,
1291,3320,HAMPLAS DUCO DAESUNG 600,600,SANDPAPER GRIT,,
4759,3320,HAMPLAS DUCO DAESUNG 6000,6000,SANDPAPER GRIT,,
395,3320,HAMPLAS DUCO DAESUNG 80,80,SANDPAPER GRIT,,
396,3320,HAMPLAS DUCO DAESUNG 800,800,SANDPAPER GRIT,,
3368,3367,CS RJ 150CC 39 HITAM,39 HITAM,RJ COLOR,,
3369,3367,CS RJ 150CC 40 PUTIH,40 PUTIH,RJ COLOR,,
3386,3367,CS RJ 150CC 540 CLEAR,540 CLEAR,RJ COLOR,,
3370,3367,CS RJ 150CC BLACK DULL,BLACK DULL,RJ COLOR,,
7475,3475,WTP KG AQUAPROOF ABU MUDA,ABU MUDA,AQUAPROOF COLOR,,
2,3475,WTP KG AQUAPROOF ABU2,ABU2,AQUAPROOF COLOR,,
3,3475,WTP KG AQUAPROOF BIRU,BIRU,AQUAPROOF COLOR,,
3624,3475,WTP KG AQUAPROOF CREAM,CREAM,AQUAPROOF COLOR,,
3638,3475,WTP KG AQUAPROOF HIJAU MUDA,HIJAU MUDA,AQUAPROOF COLOR,,
4,3475,WTP KG AQUAPROOF HITAM,HITAM,AQUAPROOF COLOR,,
5,3475,WTP KG AQUAPROOF MERAH,MERAH,AQUAPROOF COLOR,,
3691,3475,WTP KG AQUAPROOF ORANGE,ORANGE,AQUAPROOF COLOR,,
3692,3475,WTP KG AQUAPROOF ORANGE MUDA,ORANGE MUDA,AQUAPROOF COLOR,,
6,3475,WTP KG AQUAPROOF PUTIH,PUTIH,AQUAPROOF COLOR,,
7,3475,WTP KG AQUAPROOF TRANSPARAN,TRANSPARAN,AQUAPROOF COLOR,,
1823,3476,WTP GLN AQUAPROOF ABU2,ABU2,AQUAPROOF COLOR,,
4569,3476,WTP GLN AQUAPROOF HITAM,HITAM,AQUAPROOF COLOR,,
8,3476,WTP GLN AQUAPROOF PUTIH,PUTIH,AQUAPROOF COLOR,,
1822,3476,WTP GLN AQUAPROOF TRANSPARAN,TRANSPARAN,AQUAPROOF COLOR,,
2533,3477,WTP PAIL AQUAPROOF ABU2,ABU2,AQUAPROOF COLOR,,
6741,3477,WTP PAIL AQUAPROOF CREAM,CREAM,AQUAPROOF COLOR,,
6705,3477,WTP PAIL AQUAPROOF MERAH,MERAH,AQUAPROOF COLOR,,
2534,3477,WTP PAIL AQUAPROOF PUTIH,PUTIH,AQUAPROOF COLOR,,
4326,3529,CKL KG AVIAN JALAN BIRU,BIRU,AVIAN ROAD COLOR,,
5655,3529,CKL KG AVIAN JALAN HITAM,HITAM,AVIAN ROAD COLOR,,
3460,3529,CKL KG AVIAN JALAN KUNING,KUNING,AVIAN ROAD COLOR,,
2963,3529,CKL KG AVIAN JALAN PUTIH,PUTIH,AVIAN ROAD COLOR,,
2871,3557,LEM SILICONE DOWCORNING CLEAR,CLEAR,GENERIC COLOR,,
2768,3557,LEM SILICONE DOWCORNING HITAM,HITAM,GENERIC COLOR,,
3115,3557,LEM SILICONE DOWCORNING PUTIH,PUTIH,GENERIC COLOR,,
3559,3558,LEM SILICONE DEXTONE CLEAR,CLEAR,GENERIC COLOR,,
3614,3558,LEM SILICONE DEXTONE HITAM,HITAM,GENERIC COLOR,,
5086,3575,HAMPLAS DUCO SIKEN 100,100,SANDPAPER GRIT,,
4448,3575,HAMPLAS DUCO SIKEN 1000,1000,SANDPAPER GRIT,,
3574,3575,HAMPLAS DUCO SIKEN 120,120,SANDPAPER GRIT,,
3752,3575,HAMPLAS DUCO SIKEN 150,150,SANDPAPER GRIT,,
3578,3575,HAMPLAS DUCO SIKEN 1500,1500,SANDPAPER GRIT,,
3942,3575,HAMPLAS DUCO SIKEN 180,180,SANDPAPER GRIT,,
4841,3575,HAMPLAS DUCO SIKEN 2000,2000,SANDPAPER GRIT,,
3573,3575,HAMPLAS DUCO SIKEN 220,220,SANDPAPER GRIT,,
3601,3575,HAMPLAS DUCO SIKEN 240,240,SANDPAPER GRIT,,
3897,3575,HAMPLAS DUCO SIKEN 280,280,SANDPAPER GRIT,,
3961,3575,HAMPLAS DUCO SIKEN 320,320,SANDPAPER GRIT,,
4329,3575,HAMPLAS DUCO SIKEN 360,360,SANDPAPER GRIT,,
3572,3575,HAMPLAS DUCO SIKEN 400,400,SANDPAPER GRIT,,
5560,3575,HAMPLAS DUCO SIKEN 500,500,SANDPAPER GRIT,,
8561,3575,HAMPLAS DUCO SIKEN 5000,5000,SANDPAPER GRIT,,
3577,3575,HAMPLAS DUCO SIKEN 60,60,SANDPAPER GRIT,,
4303,3575,HAMPLAS DUCO SIKEN 600,600,SANDPAPER GRIT,,
4306,3575,HAMPLAS DUCO SIKEN 80,80,SANDPAPER GRIT,,
4276,3575,HAMPLAS DUCO SIKEN 800,800,SANDPAPER GRIT,,
378,3599,HAMPLAS BESI 0,0,SANDPAPER GRIT,,
379,3599,HAMPLAS BESI 1,1,SANDPAPER GRIT,,
381,3599,HAMPLAS BESI 1 1/2,1 1/2,SANDPAPER GRIT,,
385,3599,HAMPLAS BESI 2,2,SANDPAPER GRIT,,
386,3599,HAMPLAS BESI 2 1/2,2 1/2,SANDPAPER GRIT,,
390,3599,HAMPLAS BESI 3,3,SANDPAPER GRIT,,
3663,3602,LEM SILICONE FOS BLACK,BLACK,GENERIC COLOR,,
3603,3602,LEM SILICONE FOS CLEAR,CLEAR,GENERIC COLOR,,
7174,3732,CS ASAHI 701 HONDA RED,701 HONDA RED,ASAHI SPRAY COLOR,,
7175,3732,CS ASAHI 702 HONDA YELLOW,702 HONDA YELLOW,ASAHI SPRAY COLOR,,
7984,3732,CS ASAHI 703 HONDA BLUE,703 HONDA BLUE,ASAHI SPRAY COLOR,,
7989,3732,CS ASAHI 704 YAMAHA GREEN,704 YAMAHA GREEN,ASAHI SPRAY COLOR,,
7177,3732,CS ASAHI 706 YAMAHA RED,706 YAMAHA RED,ASAHI SPRAY COLOR,,
7992,3732,CS ASAHI 708 AS GREEN SPC 2,708 AS GREEN SPC 2,ASAHI SPRAY COLOR,,
7993,3732,CS ASAHI 709 AS BLUE SPC 2,709 AS BLUE SPC 2,ASAHI SPRAY COLOR,,
7994,3732,CS ASAHI 710 AS ALPEN SPC 2,710 AS ALPEN SPC 2,ASAHI SPRAY COLOR,,
7166,3732,CS ASAHI 7102 METALIC YELLOW,7102 METALIC YELLOW,ASAHI SPRAY COLOR,,
7160,3732,CS ASAHI 7139 METALIC BLACK,7139 METALIC BLACK,ASAHI SPRAY COLOR,,
7154,3732,CS ASAHI 714 ORANGE,714 ORANGE,ASAHI SPRAY COLOR,,
7996,3732,CS ASAHI 7140 PEARL WHITE,7140 PEARL WHITE,ASAHI SPRAY COLOR,,
7161,3732,CS ASAHI 7142 RED PURPLE,7142 RED PURPLE,ASAHI SPRAY COLOR,,
7163,3732,CS ASAHI 7143 BLUE PURPLE,7143 BLUE PURPLE,ASAHI SPRAY COLOR,,
7995,3732,CS ASAHI 717 FEBRARI RED SPC 2,717 FEBRARI RED SPC 2,ASAHI SPRAY COLOR,,
7986,3732,CS ASAHI 7172 GULL YELLOW,7172 GULL YELLOW,ASAHI SPRAY COLOR,,
7988,3732,CS ASAHI 7173 NINJA GREEN,7173 NINJA GREEN,ASAHI SPRAY COLOR,,
7168,3732,CS ASAHI 7174 JUPITER ORANGE,7174 JUPITER ORANGE,ASAHI SPRAY COLOR,,
7169,3732,CS ASAHI 7175 HOGUN BLUE,7175 HOGUN BLUE,ASAHI SPRAY COLOR,,
7987,3732,CS ASAHI 7177 SHOGUN YELLOW,7177 SHOGUN YELLOW,ASAHI SPRAY COLOR,,
7171,3732,CS ASAHI 7178 OXER ORANGE,7178 OXER ORANGE,ASAHI SPRAY COLOR,,
7172,3732,CS ASAHI 7180 M. MIO GREEN,7180 M. MIO GREEN,ASAHI SPRAY COLOR,,
7173,3732,CS ASAHI 7181 M. VARIO IRISH RED,7181 M. VARIO IRISH RED,ASAHI SPRAY COLOR,,
7165,3732,CS ASAHI 7189 LAGUNA GREEN,7189 LAGUNA GREEN,ASAHI SPRAY COLOR,,
7164,3732,CS ASAHI 7190 METALIC RED,7190 METALIC RED,ASAHI SPRAY COLOR,,
7983,3732,CS ASAHI 7195 CELESTIAL BLUE,7195 CELESTIAL BLUE,ASAHI SPRAY COLOR,,
7167,3732,CS ASAHI 7196 EMERALD GREEN,7196 EMERALD GREEN,ASAHI SPRAY COLOR,,
7162,3732,CS ASAHI 7216 CURACAO BLUE,7216 CURACAO BLUE,ASAHI SPRAY COLOR,,
7157,3732,CS ASAHI 723 SIGNAL RED,723 SIGNAL RED,ASAHI SPRAY COLOR,,
7153,3732,CS ASAHI 725 CHROME YELLOW,725 CHROME YELLOW,ASAHI SPRAY COLOR,,
7150,3732,CS ASAHI 727 LEAF GREEN,727 LEAF GREEN,ASAHI SPRAY COLOR,,
7152,3732,CS ASAHI 730 ROSE PINK,730 ROSE PINK,ASAHI SPRAY COLOR,,
7991,3732,CS ASAHI 735 GOLD SPC 1,735 GOLD SPC 1,ASAHI SPRAY COLOR,,
7170,3732,CS ASAHI 736 SILVER,736 SILVER,ASAHI SPRAY COLOR,,
7155,3732,CS ASAHI 737 GRASS GREEN,737 GRASS GREEN,ASAHI SPRAY COLOR,,
7147,3732,CS ASAHI 739 BLACK,739 BLACK,ASAHI SPRAY COLOR,,
7148,3732,CS ASAHI 740 WHITE,740 WHITE,ASAHI SPRAY COLOR,,
7151,3732,CS ASAHI 741 YELLOW,741 YELLOW,ASAHI SPRAY COLOR,,
7985,3732,CS ASAHI 7455 HINO GREEN,7455 HINO GREEN,ASAHI SPRAY COLOR,,
7982,3732,CS ASAHI 7511 NEON BLUE,7511 NEON BLUE,ASAHI SPRAY COLOR,,
7158,3732,CS ASAHI 7522 ARMY GREEN,7522 ARMY GREEN,ASAHI SPRAY COLOR,,
7149,3732,CS ASAHI 7540 CLEAR,7540 CLEAR,ASAHI SPRAY COLOR,,
7851,3732,CS ASAHI 7548,7548,ASAHI SPRAY COLOR,,
7176,3732,CS ASAHI 755 YAMAHA ORANGE,755 YAMAHA ORANGE,ASAHI SPRAY COLOR,,
7159,3732,CS ASAHI 7580 SILVER METALIC,7580 SILVER METALIC,ASAHI SPRAY COLOR,,
7146,3732,CS ASAHI 784 BLACK DOFF,784 BLACK DOFF,ASAHI SPRAY COLOR,,
7156,3732,CS ASAHI 786 SPECIAL RED,786 SPECIAL RED,ASAHI SPRAY COLOR,,
7990,3732,CS ASAHI 788 TEMBAGA SPC 1,788 TEMBAGA SPC 1,ASAHI SPRAY COLOR,,
6462,3732,CS ASAHI 7986 JADE GREEN SPC 1,7986 JADE GREEN SPC 1,ASAHI SPRAY COLOR,,
6463,3732,CS ASAHI 7987 SUNSET,7987 SUNSET,ASAHI SPRAY COLOR,,
6464,3732,CS ASAHI 7988 VIOLET,7988 VIOLET,ASAHI SPRAY COLOR,,
7178,3732,CS ASAHI 799 SUPER GOLD,799 SUPER GOLD,ASAHI SPRAY COLOR,,
6456,3732,CS ASAHI 7991 RED,7991 RED,ASAHI SPRAY COLOR,,
6671,3732,CS ASAHI 7992 PINK,7992 PINK,ASAHI SPRAY COLOR,,
6458,3732,CS ASAHI 7993 GREEN,7993 GREEN,ASAHI SPRAY COLOR,,
6459,3732,CS ASAHI 7994 BLUE,7994 BLUE,ASAHI SPRAY COLOR,,
6460,3732,CS ASAHI 7995 YELLOW,7995 YELLOW,ASAHI SPRAY COLOR,,
6461,3732,CS ASAHI 7996 ORANGE,7996 ORANGE,ASAHI SPRAY COLOR,,
6457,3732,CS ASAHI 7997 FLAT WHITE,7997 FLAT WHITE,ASAHI SPRAY COLOR,,
7181,3732,CS ASAHI 7998 PRIMER GREY,7998 PRIMER GREY,ASAHI SPRAY COLOR,,
7180,3732,CS ASAHI HI-TEMP BLACK SPC 1,HI-TEMP BLACK SPC 1,ASAHI SPRAY COLOR,,
7179,3732,CS ASAHI HI-TEMP SILVER SPC 1,HI-TEMP SILVER SPC 1,ASAHI SPRAY COLOR,,
3812,3811,LEM SILICONE VTECH BLACK,BLACK,GENERIC COLOR,,
3813,3811,LEM SILICONE VTECH CLEAR,CLEAR,GENERIC COLOR,,
374,4046,GLASSBLOCK MULIA 01 QUADRA GARIS2,01 QUADRA GARIS2,GLASSBLOCK PATTERN,,
376,4046,GLASSBLOCK MULIA 02 WAVE POLOS,02 WAVE POLOS,GLASSBLOCK PATTERN,,
375,4046,GLASSBLOCK MULIA 05 OCEAN VIEW OMBAK,05 OCEAN VIEW OMBAK,GLASSBLOCK PATTERN,,
372,4046,GLASSBLOCK MULIA 09 VESTA BINTANG,09 VESTA BINTANG,GLASSBLOCK PATTERN,,
373,4046,GLASSBLOCK MULIA 21 DIAMOND,21 DIAMOND,GLASSBLOCK PATTERN,,
5423,4046,GLASSBLOCK MULIA 66 TANGERINE,66 TANGERINE,GLASSBLOCK PATTERN,,
1854,4046,GLASSBLOCK MULIA CANDI,CANDI,GLASSBLOCK PATTERN,,
8812,4048,CT GLN VPRO 033,033,VPRO COLOR,,
8813,4048,CT GLN VPRO 040,040,VPRO COLOR,,
8814,4048,CT GLN VPRO 046,046,VPRO COLOR,,
8815,4048,CT GLN VPRO 090,090,VPRO COLOR,,
4642,4048,CT GLN VPRO 200,200,VPRO COLOR,,
5773,4048,CT GLN VPRO 202,202,VPRO COLOR,,
5774,4048,CT GLN VPRO 203,203,VPRO COLOR,,
4052,4048,CT GLN VPRO 211,211,VPRO COLOR,,
4647,4048,CT GLN VPRO 213X,213X,VPRO COLOR,,
4648,4048,CT GLN VPRO 214,214,VPRO COLOR,,
4051,4048,CT GLN VPRO 218,218,VPRO COLOR,,
4626,4048,CT GLN VPRO 222,222,VPRO COLOR,,
5518,4048,CT GLN VPRO 226,226,VPRO COLOR,,
4627,4048,CT GLN VPRO 227,227,VPRO COLOR,,
4628,4048,CT GLN VPRO 228,228,VPRO COLOR,,
4630,4048,CT GLN VPRO 229,229,VPRO COLOR,,
4428,4048,CT GLN VPRO 230,230,VPRO COLOR,,
4631,4048,CT GLN VPRO 231,231,VPRO COLOR,,
4632,4048,CT GLN VPRO 232X,232X,VPRO COLOR,,
4635,4048,CT GLN VPRO 233,233,VPRO COLOR,,
4633,4048,CT GLN VPRO 234,234,VPRO COLOR,,
5766,4048,CT GLN VPRO 236,236,VPRO COLOR,,
4636,4048,CT GLN VPRO 237,237,VPRO COLOR,,
4637,4048,CT GLN VPRO 238,238,VPRO COLOR,,
4639,4048,CT GLN VPRO 240,240,VPRO COLOR,,
4638,4048,CT GLN VPRO 243,243,VPRO COLOR,,
4641,4048,CT GLN VPRO 245,245,VPRO COLOR,,
4650,4048,CT GLN VPRO 247,247,VPRO COLOR,,
4050,4048,CT GLN VPRO 249,249,VPRO COLOR,,
4054,4048,CT GLN VPRO 251X,251X,VPRO COLOR,,
4652,4048,CT GLN VPRO 252X,252X,VPRO COLOR,,
4653,4048,CT GLN VPRO 253X,253X,VPRO COLOR,,
4654,4048,CT GLN VPRO 254,254,VPRO COLOR,,
5019,4048,CT GLN VPRO 273,273,VPRO COLOR,,
5767,4048,CT GLN VPRO 3004,3004,VPRO COLOR,,
5775,4048,CT GLN VPRO 3015,3015,VPRO COLOR,,
5776,4048,CT GLN VPRO 3025,3025,VPRO COLOR,,
4434,4048,CT GLN VPRO 3030,3030,VPRO COLOR,,
4049,4048,CT GLN VPRO 3033,3033,VPRO COLOR,,
4055,4048,CT GLN VPRO 3040,3040,VPRO COLOR,,
4661,4048,CT GLN VPRO 4046,4046,VPRO COLOR,,
4655,4048,CT GLN VPRO 437,437,VPRO COLOR,,
6586,4048,CT GLN VPRO 438,438,VPRO COLOR,,
6587,4048,CT GLN VPRO 439,439,VPRO COLOR,,
6583,4048,CT GLN VPRO 440,440,VPRO COLOR,,
6584,4048,CT GLN VPRO 441,441,VPRO COLOR,,
6585,4048,CT GLN VPRO 442,442,VPRO COLOR,,
4429,4048,CT GLN VPRO 661,661,VPRO COLOR,,
4656,4048,CT GLN VPRO 675,675,VPRO COLOR,,
4657,4048,CT GLN VPRO 678,678,VPRO COLOR,,
5332,4048,CT GLN VPRO 686,686,VPRO COLOR,,
4660,4048,CT GLN VPRO 687,687,VPRO COLOR,,
4658,4048,CT GLN VPRO 714,714,VPRO COLOR,,
4659,4048,CT GLN VPRO 8090,8090,VPRO COLOR,,
5520,4048,CT GLN VPRO 9102 WHITE,9102 WHITE,VPRO COLOR,,
6582,4048,CT GLN VPRO 920,920,VPRO COLOR,,
4061,4060,BASE CT PAIL LENKOTE NO ODOR BASE A,BASE A,PAINT BASE,,
6570,4060,BASE CT PAIL LENKOTE NO ODOR BASE B,BASE B,PAINT BASE,,
6571,4060,BASE CT PAIL LENKOTE NO ODOR BASE C,BASE C,PAINT BASE,,
6572,4060,BASE CT PAIL LENKOTE NO ODOR BASE D,BASE D,PAINT BASE,,
5472,4145,HAMPLAS METER EURO 100,100,SANDPAPER GRIT,,
4148,4145,HAMPLAS METER EURO 120,120,SANDPAPER GRIT,,
4261,4145,HAMPLAS METER EURO 150,150,SANDPAPER GRIT,,
4149,4145,HAMPLAS METER EURO 180,180,SANDPAPER GRIT,,
4150,4145,HAMPLAS METER EURO 240,240,SANDPAPER GRIT,,
4151,4145,HAMPLAS METER EURO 400,400,SANDPAPER GRIT,,
4465,4145,HAMPLAS METER EURO 60,60,SANDPAPER GRIT,,
4147,4145,HAMPLAS METER EURO 80,80,SANDPAPER GRIT,,
1358,4203,PINTU ALLUMUNIUM BAGUS KANAN,BAGUS KANAN,PINTU ALLUMUNIUM,,
1359,4203,PINTU ALLUMUNIUM BAGUS KIRI,BAGUS KIRI,PINTU ALLUMUNIUM,,
692,4203,PINTU ALLUMUNIUM KANAN,KANAN,PINTU ALLUMUNIUM,,
691,4203,PINTU ALLUMUNIUM KIRI,KIRI,PINTU ALLUMUNIUM,,
2634,4203,PINTU ALLUMUNIUM MIX PVC KANAN,MIX PVC KANAN,PINTU ALLUMUNIUM,,
2633,4203,PINTU ALLUMUNIUM MIX PVC KIRI,MIX PVC KIRI,PINTU ALLUMUNIUM,,
1530,4388,WTP KG NODROP 001 TRANSPARAN,001 TRANSPARAN,NODROP COLOR,,
1837,4388,WTP KG NODROP 002 ABU TUA,002 ABU TUA,NODROP COLOR,,
1836,4388,WTP KG NODROP 003 HITAM,003 HITAM,NODROP COLOR,,
5395,4388,WTP KG NODROP 004 BIRU,004 BIRU,NODROP COLOR,,
5303,4388,WTP KG NODROP 005 HIJAU TUA,005 HIJAU TUA,NODROP COLOR,,
4678,4388,WTP KG NODROP 006 COKLAT,006 COKLAT,NODROP COLOR,,
6075,4388,WTP KG NODROP 007 MERAH,007 MERAH,NODROP COLOR,,
1835,4388,WTP KG NODROP 009 PUTIH,009 PUTIH,NODROP COLOR,,
6200,4388,WTP KG NODROP 010 ABU MUDA,010 ABU MUDA,NODROP COLOR,,
6070,4388,WTP KG NODROP 011 MOCCA,011 MOCCA,NODROP COLOR,,
4387,4388,WTP KG NODROP 017 KUNING,017 KUNING,NODROP COLOR,,
6337,4388,WTP KG NODROP 018 APRICOT,018 APRICOT,NODROP COLOR,,
6374,4388,WTP KG NODROP 019 PEPAYA,019 PEPAYA,NODROP COLOR,,
6469,4388,WTP KG NODROP 020 KIWI,020 KIWI,NODROP COLOR,,
6470,4388,WTP KG NODROP 021 MELON,021 MELON,NODROP COLOR,,
6471,4388,WTP KG NODROP 022 BIRU CERAH,022 BIRU CERAH,NODROP COLOR,,
7481,4388,WTP KG NODROP 024 GUN METAL,024 GUN METAL,NODROP COLOR,,
7684,4388,WTP KG NODROP 025 BANANA,025 BANANA,NODROP COLOR,,
7572,4388,WTP KG NODROP 026,026,NODROP COLOR,,
4724,4388,WTP KG NODROP 027,027,NODROP COLOR,,
7849,4388,WTP KG NODROP 028,028,NODROP COLOR,,
4575,4389,WTP GLN NODROP 001 TRANSPARAN,001 TRANSPARAN,NODROP COLOR,,
3711,4389,WTP GLN NODROP 002 ABU TUA,002 ABU TUA,NODROP COLOR,,
4573,4389,WTP GLN NODROP 003 HITAM,003 HITAM,NODROP COLOR,,
4574,4389,WTP GLN NODROP 004 BIRU,004 BIRU,NODROP COLOR,,
6649,4389,WTP GLN NODROP 007 MERAH,007 MERAH,NODROP COLOR,,
4758,4389,WTP GLN NODROP 009 PUTIH,009 PUTIH,NODROP COLOR,,
6468,4389,WTP GLN NODROP 010 ABU MUDA,010 ABU MUDA,NODROP COLOR,,
6501,4389,WTP GLN NODROP 017 KUNING,017 KUNING,NODROP COLOR,,
9275,4389,WTP GLN NODROP 019 PEPAYA,019 PEPAYA,NODROP COLOR,,
4489,4389,WTP GLN NODROP 020 KIWI,020 KIWI,NODROP COLOR,,
8684,4389,WTP GLN NODROP 021 MELON,021 MELON,NODROP COLOR,,
7027,4389,WTP GLN NODROP 107,107,NODROP COLOR,,
4392,4390,WTP PAIL NODROP 002 ABU TUA,002 ABU TUA,NODROP COLOR,,
6120,4390,WTP PAIL NODROP 003 HITAM,003 HITAM,NODROP COLOR,,
8031,4390,WTP PAIL NODROP 006 COKLAT,006 COKLAT,NODROP COLOR,,
9488,4390,WTP PAIL NODROP 008,008,NODROP COLOR,,
6433,4390,WTP PAIL NODROP 009 PUTIH,009 PUTIH,NODROP COLOR,,
7784,4390,WTP PAIL NODROP 010 ABU MUDA,010 ABU MUDA,NODROP COLOR,,
8347,4390,WTP PAIL NODROP 017 KUNING,017 KUNING,NODROP COLOR,,
4577,4576,WTP GLN AM110 ABU,ABU,AM110 COLOR,,
4780,4576,WTP GLN AM110 LIGHT GREY,LIGHT GREY,AM110 COLOR,,
4578,4576,WTP GLN AM110 PUTIH,PUTIH,AM110 COLOR,,
3714,4576,WTP GLN AM110 TRANSPARAN,TRANSPARAN,AM110 COLOR,,
6091,4769,HAMPLAS METER DEERFOS 100,100,SANDPAPER GRIT,,
5260,4769,HAMPLAS METER DEERFOS 120,120,SANDPAPER GRIT,,
5123,4769,HAMPLAS METER DEERFOS 150,150,SANDPAPER GRIT,,
6092,4769,HAMPLAS METER DEERFOS 180,180,SANDPAPER GRIT,,
5124,4769,HAMPLAS METER DEERFOS 240,240,SANDPAPER GRIT,,
6093,4769,HAMPLAS METER DEERFOS 320,320,SANDPAPER GRIT,,
6094,4769,HAMPLAS METER DEERFOS 400,400,SANDPAPER GRIT,,
4770,4769,HAMPLAS METER DEERFOS 60,60,SANDPAPER GRIT,,
6090,4769,HAMPLAS METER DEERFOS 80,80,SANDPAPER GRIT,,
5274,5272,HAMPLAS METER SOLIGEN 120,120,SANDPAPER GRIT,,
5275,5272,HAMPLAS METER SOLIGEN 150,150,SANDPAPER GRIT,,
5342,5272,HAMPLAS METER SOLIGEN 180,180,SANDPAPER GRIT,,
5276,5272,HAMPLAS METER SOLIGEN 240,240,SANDPAPER GRIT,,
5277,5272,HAMPLAS METER SOLIGEN 400,400,SANDPAPER GRIT,,
5273,5272,HAMPLAS METER SOLIGEN 60,60,SANDPAPER GRIT,,
4258,5399,BASE CT GLN LENKOTE SUPERSILK BASE A,BASE A,PAINT BASE,,
4318,5399,BASE CT GLN LENKOTE SUPERSILK BASE B,BASE B,PAINT BASE,,
4249,5399,BASE CT GLN LENKOTE SUPERSILK BASE C,BASE C,PAINT BASE,,
4407,5399,BASE CT GLN LENKOTE SUPERSILK BASE D,BASE D,PAINT BASE,,
5012,5400,BASE CT PAIL LENKOTE SUPERSILK BASE A,BASE A,PAINT BASE,,
5534,5400,BASE CT PAIL LENKOTE SUPERSILK BASE B,BASE B,PAINT BASE,,
5535,5400,BASE CT PAIL LENKOTE SUPERSILK BASE C,BASE C,PAINT BASE,,
5348,5400,BASE CT PAIL LENKOTE SUPERSILK BASE D,BASE D,PAINT BASE,,
5432,5431,BASE CT GLN CATYLAC BASE A,BASE A,PAINT BASE,,
5433,5431,BASE CT GLN CATYLAC BASE B,BASE B,PAINT BASE,,
5434,5431,BASE CT GLN CATYLAC BASE C,BASE C,PAINT BASE,,
5435,5431,BASE CT GLN CATYLAC BASE D,BASE D,PAINT BASE,,
4467,5554,CT PAIL QLUC 1501,1501,QLUC COLOR,,
2356,5554,CT PAIL QLUC 1502,1502,QLUC COLOR,,
2333,5554,CT PAIL QLUC 1503,1503,QLUC COLOR,,
830,5554,CT PAIL QLUC 1505,1505,QLUC COLOR,,
2341,5554,CT PAIL QLUC 1508,1508,QLUC COLOR,,
827,5554,CT PAIL QLUC 1509,1509,QLUC COLOR,,
832,5554,CT PAIL QLUC 1514,1514,QLUC COLOR,,
1289,5554,CT PAIL QLUC 1515,1515,QLUC COLOR,,
2349,5554,CT PAIL QLUC 1516,1516,QLUC COLOR,,
2334,5554,CT PAIL QLUC 1518,1518,QLUC COLOR,,
8793,5554,CT PAIL QLUC 1519,1519,QLUC COLOR,,
2335,5554,CT PAIL QLUC 1520,1520,QLUC COLOR,,
2344,5554,CT PAIL QLUC 1522,1522,QLUC COLOR,,
2351,5554,CT PAIL QLUC 1523,1523,QLUC COLOR,,
2347,5554,CT PAIL QLUC 1524,1524,QLUC COLOR,,
2336,5554,CT PAIL QLUC 1525,1525,QLUC COLOR,,
2234,5554,CT PAIL QLUC 1526,1526,QLUC COLOR,,
2350,5554,CT PAIL QLUC 1527,1527,QLUC COLOR,,
2639,5554,CT PAIL QLUC 1528,1528,QLUC COLOR,,
3379,5554,CT PAIL QLUC 1529,1529,QLUC COLOR,,
2337,5554,CT PAIL QLUC 1531,1531,QLUC COLOR,,
2875,5554,CT PAIL QLUC 1532,1532,QLUC COLOR,,
2340,5554,CT PAIL QLUC 1534,1534,QLUC COLOR,,
2355,5554,CT PAIL QLUC 1539,1539,QLUC COLOR,,
2339,5554,CT PAIL QLUC 1540,1540,QLUC COLOR,,
4472,5554,CT PAIL QLUC 1541,1541,QLUC COLOR,,
4437,5554,CT PAIL QLUC 1546,1546,QLUC COLOR,,
3843,5554,CT PAIL QLUC 1547,1547,QLUC COLOR,,
3453,5554,CT PAIL QLUC 1548,1548,QLUC COLOR,,
3454,5554,CT PAIL QLUC 1549,1549,QLUC COLOR,,
4468,5554,CT PAIL QLUC 1550,1550,QLUC COLOR,,
4470,5554,CT PAIL QLUC 1552,1552,QLUC COLOR,,
4458,5554,CT PAIL QLUC 1553,1553,QLUC COLOR,,
6169,5554,CT PAIL QLUC 1554,1554,QLUC COLOR,,
4469,5554,CT PAIL QLUC 1555,1555,QLUC COLOR,,
4471,5554,CT PAIL QLUC 1556,1556,QLUC COLOR,,
6111,5554,CT PAIL QLUC 1557,1557,QLUC COLOR,,
7334,5554,CT PAIL QLUC 1558,1558,QLUC COLOR,,
7336,5554,CT PAIL QLUC 1559,1559,QLUC COLOR,,
7333,5554,CT PAIL QLUC 1560,1560,QLUC COLOR,,
7335,5554,CT PAIL QLUC 1561,1561,QLUC COLOR,,
5568,5564,CKL KG U-POX 0404 - BLUE TILE,0404 - BLUE TILE,U-POX COLOR,,
5569,5564,CKL KG U-POX 1627 - GREY GREEN,1627 - GREY GREEN,U-POX COLOR,,
5762,5564,CKL KG U-POX 3562 - YELLOW CANARY,3562 - YELLOW CANARY,U-POX COLOR,,
5570,5564,CKL KG U-POX 4292 - SIGNAL RED,4292 - SIGNAL RED,U-POX COLOR,,
5571,5564,CKL KG U-POX 4452 - MEDIUM BLUE,4452 - MEDIUM BLUE,U-POX COLOR,,
5572,5564,CKL KG U-POX 4659 - CLOUD GREY,4659 - CLOUD GREY,U-POX COLOR,,
5697,5564,CKL KG U-POX 4660 - TERN GREY,4660 - TERN GREY,U-POX COLOR,,
5573,5564,CKL KG U-POX 5342 - EGGSHELL GREEN,5342 - EGGSHELL GREEN,U-POX COLOR,,
5574,5564,CKL KG U-POX 5343 - SIGNAL GREEN,5343 - SIGNAL GREEN,U-POX COLOR,,
5575,5564,CKL KG U-POX 5476 - SKY BLUE,5476 - SKY BLUE,U-POX COLOR,,
8817,5777,CT PAIL VPRO 020,020,VPRO COLOR,,
8819,5777,CT PAIL VPRO 028,028,VPRO COLOR,,
8820,5777,CT PAIL VPRO 033,033,VPRO COLOR,,
8821,5777,CT PAIL VPRO 040,040,VPRO COLOR,,
8822,5777,CT PAIL VPRO 046,046,VPRO COLOR,,
8816,5777,CT PAIL VPRO 053,053,VPRO COLOR,,
8823,5777,CT PAIL VPRO 090,090,VPRO COLOR,,
5803,5777,CT PAIL VPRO 200,200,VPRO COLOR,,
5820,5777,CT PAIL VPRO 202,202,VPRO COLOR,,
5826,5777,CT PAIL VPRO 203,203,VPRO COLOR,,
5812,5777,CT PAIL VPRO 211,211,VPRO COLOR,,
5797,5777,CT PAIL VPRO 213X,213X,VPRO COLOR,,
5785,5777,CT PAIL VPRO 214,214,VPRO COLOR,,
8818,5777,CT PAIL VPRO 215,215,VPRO COLOR,,
5786,5777,CT PAIL VPRO 218,218,VPRO COLOR,,
5798,5777,CT PAIL VPRO 222,222,VPRO COLOR,,
5799,5777,CT PAIL VPRO 226,226,VPRO COLOR,,
5796,5777,CT PAIL VPRO 227,227,VPRO COLOR,,
5801,5777,CT PAIL VPRO 228,228,VPRO COLOR,,
5817,5777,CT PAIL VPRO 229,229,VPRO COLOR,,
5805,5777,CT PAIL VPRO 230,230,VPRO COLOR,,
5816,5777,CT PAIL VPRO 231,231,VPRO COLOR,,
5809,5777,CT PAIL VPRO 232X,232X,VPRO COLOR,,
5789,5777,CT PAIL VPRO 233,233,VPRO COLOR,,
6556,5777,CT PAIL VPRO 234,234,VPRO COLOR,,
5792,5777,CT PAIL VPRO 236,236,VPRO COLOR,,
5788,5777,CT PAIL VPRO 237,237,VPRO COLOR,,
6737,5777,CT PAIL VPRO 238,238,VPRO COLOR,,
5804,5777,CT PAIL VPRO 240,240,VPRO COLOR,,
5800,5777,CT PAIL VPRO 243,243,VPRO COLOR,,
5822,5777,CT PAIL VPRO 245,245,VPRO COLOR,,
5825,5777,CT PAIL VPRO 247,247,VPRO COLOR,,
5811,5777,CT PAIL VPRO 249,249,VPRO COLOR,,
5778,5777,CT PAIL VPRO 251X,251X,VPRO COLOR,,
5780,5777,CT PAIL VPRO 252X,252X,VPRO COLOR,,
5794,5777,CT PAIL VPRO 253X,253X,VPRO COLOR,,
5781,5777,CT PAIL VPRO 254,254,VPRO COLOR,,
5783,5777,CT PAIL VPRO 273,273,VPRO COLOR,,
5810,5777,CT PAIL VPRO 3004,3004,VPRO COLOR,,
5807,5777,CT PAIL VPRO 3015,3015,VPRO COLOR,,
5802,5777,CT PAIL VPRO 3025,3025,VPRO COLOR,,
5793,5777,CT PAIL VPRO 3030,3030,VPRO COLOR,,
5808,5777,CT PAIL VPRO 3033,3033,VPRO COLOR,,
5824,5777,CT PAIL VPRO 3040,3040,VPRO COLOR,,
5819,5777,CT PAIL VPRO 4046,4046,VPRO COLOR,,
5818,5777,CT PAIL VPRO 4053,4053,VPRO COLOR,,
5779,5777,CT PAIL VPRO 437,437,VPRO COLOR,,
6740,5777,CT PAIL VPRO 438,438,VPRO COLOR,,
7483,5777,CT PAIL VPRO 439,439,VPRO COLOR,,
6738,5777,CT PAIL VPRO 440,440,VPRO COLOR,,
6736,5777,CT PAIL VPRO 441,441,VPRO COLOR,,
6739,5777,CT PAIL VPRO 442,442,VPRO COLOR,,
5806,5777,CT PAIL VPRO 661,661,VPRO COLOR,,
5814,5777,CT PAIL VPRO 675,675,VPRO COLOR,,
5815,5777,CT PAIL VPRO 678,678,VPRO COLOR,,
5790,5777,CT PAIL VPRO 686,686,VPRO COLOR,,
5791,5777,CT PAIL VPRO 687,687,VPRO COLOR,,
5795,5777,CT PAIL VPRO 714,714,VPRO COLOR,,
5813,5777,CT PAIL VPRO 8090,8090,VPRO COLOR,,
4564,5777,CT PAIL VPRO 9102 WHITE,9102 WHITE,VPRO COLOR,,
6659,5777,CT PAIL VPRO 920,920,VPRO COLOR,,
6085,6311,BASE CT PAIL LENKOTE SUNGUARD BASE A,BASE A,PAINT BASE,,
6086,6311,BASE CT PAIL LENKOTE SUNGUARD BASE B,BASE B,PAINT BASE,,
5130,6311,BASE CT PAIL LENKOTE SUNGUARD BASE C,BASE C,PAINT BASE,,
5870,6311,BASE CT PAIL LENKOTE SUNGUARD BASE D,BASE D,PAINT BASE,,
4255,6312,BASE CT GLN LENKOTE SUNGUARD BASE A,BASE A,PAINT BASE,,
4394,6312,BASE CT GLN LENKOTE SUNGUARD BASE B,BASE B,PAINT BASE,,
4454,6312,BASE CT GLN LENKOTE SUNGUARD BASE C,BASE C,PAINT BASE,,
4442,6312,BASE CT GLN LENKOTE SUNGUARD BASE D,BASE D,PAINT BASE,,
6420,6390,CT GLN AVITEX 250,250,AVITEX COLOR,,
6414,6390,CT GLN AVITEX 600,600,AVITEX COLOR,,
6403,6390,CT GLN AVITEX 610,610,AVITEX COLOR,,
6399,6390,CT GLN AVITEX 615,615,AVITEX COLOR,,
6412,6390,CT GLN AVITEX 620,620,AVITEX COLOR,,
6417,6390,CT GLN AVITEX 621,621,AVITEX COLOR,,
6401,6390,CT GLN AVITEX 630,630,AVITEX COLOR,,
6404,6390,CT GLN AVITEX 650,650,AVITEX COLOR,,
6423,6390,CT GLN AVITEX 660,660,AVITEX COLOR,,
6419,6390,CT GLN AVITEX 670,670,AVITEX COLOR,,
6415,6390,CT GLN AVITEX 671,671,AVITEX COLOR,,
6411,6390,CT GLN AVITEX 675,675,AVITEX COLOR,,
6395,6390,CT GLN AVITEX 680,680,AVITEX COLOR,,
6410,6390,CT GLN AVITEX 700,700,AVITEX COLOR,,
6422,6390,CT GLN AVITEX 710,710,AVITEX COLOR,,
6418,6390,CT GLN AVITEX 711,711,AVITEX COLOR,,
6400,6390,CT GLN AVITEX 720,720,AVITEX COLOR,,
6396,6390,CT GLN AVITEX 725,725,AVITEX COLOR,,
6405,6390,CT GLN AVITEX 730,730,AVITEX COLOR,,
6397,6390,CT GLN AVITEX 731,731,AVITEX COLOR,,
6392,6390,CT GLN AVITEX 735,735,AVITEX COLOR,,
6406,6390,CT GLN AVITEX 740,740,AVITEX COLOR,,
6393,6390,CT GLN AVITEX 745,745,AVITEX COLOR,,
6402,6390,CT GLN AVITEX 750,750,AVITEX COLOR,,
6398,6390,CT GLN AVITEX 755,755,AVITEX COLOR,,
6416,6390,CT GLN AVITEX 760,760,AVITEX COLOR,,
6394,6390,CT GLN AVITEX 765,765,AVITEX COLOR,,
6413,6390,CT GLN AVITEX 770,770,AVITEX COLOR,,
6408,6390,CT GLN AVITEX 771,771,AVITEX COLOR,,
6409,6390,CT GLN AVITEX 775,775,AVITEX COLOR,,
7821,6390,CT GLN AVITEX 813,813,AVITEX COLOR,,
6407,6390,CT GLN AVITEX 831,831,AVITEX COLOR,,
7690,6390,CT GLN AVITEX 842,842,AVITEX COLOR,,
7243,6390,CT GLN AVITEX 891,891,AVITEX COLOR,,
6421,6390,CT GLN AVITEX 896,896,AVITEX COLOR,,
6435,6434,BASE CT GLN LENKOTE NO ODOR BASE A,BASE A,PAINT BASE,,
6436,6434,BASE CT GLN LENKOTE NO ODOR BASE B,BASE B,PAINT BASE,,
6437,6434,BASE CT GLN LENKOTE NO ODOR BASE C,BASE C,PAINT BASE,,
6438,6434,BASE CT GLN LENKOTE NO ODOR BASE D,BASE D,PAINT BASE,,
6631,6476,CT PAIL AVITEX 050,050,AVITEX COLOR,,
7583,6476,CT PAIL AVITEX 053,053,AVITEX COLOR,,
6597,6476,CT PAIL AVITEX 250,250,AVITEX COLOR,,
8152,6476,CT PAIL AVITEX 522,522,AVITEX COLOR,,
6598,6476,CT PAIL AVITEX 600,600,AVITEX COLOR,,
6599,6476,CT PAIL AVITEX 610,610,AVITEX COLOR,,
6600,6476,CT PAIL AVITEX 615,615,AVITEX COLOR,,
6601,6476,CT PAIL AVITEX 620,620,AVITEX COLOR,,
6602,6476,CT PAIL AVITEX 621,621,AVITEX COLOR,,
6603,6476,CT PAIL AVITEX 650,650,AVITEX COLOR,,
6604,6476,CT PAIL AVITEX 660,660,AVITEX COLOR,,
6605,6476,CT PAIL AVITEX 670,670,AVITEX COLOR,,
6606,6476,CT PAIL AVITEX 671,671,AVITEX COLOR,,
6607,6476,CT PAIL AVITEX 675,675,AVITEX COLOR,,
6608,6476,CT PAIL AVITEX 680,680,AVITEX COLOR,,
6609,6476,CT PAIL AVITEX 700,700,AVITEX COLOR,,
6610,6476,CT PAIL AVITEX 710,710,AVITEX COLOR,,
6611,6476,CT PAIL AVITEX 711,711,AVITEX COLOR,,
6612,6476,CT PAIL AVITEX 720,720,AVITEX COLOR,,
6613,6476,CT PAIL AVITEX 725,725,AVITEX COLOR,,
6614,6476,CT PAIL AVITEX 730,730,AVITEX COLOR,,
6615,6476,CT PAIL AVITEX 731,731,AVITEX COLOR,,
6616,6476,CT PAIL AVITEX 735,735,AVITEX COLOR,,
6617,6476,CT PAIL AVITEX 740,740,AVITEX COLOR,,
7579,6476,CT PAIL AVITEX 745,745,AVITEX COLOR,,
6618,6476,CT PAIL AVITEX 750,750,AVITEX COLOR,,
6619,6476,CT PAIL AVITEX 755,755,AVITEX COLOR,,
6595,6476,CT PAIL AVITEX 760,760,AVITEX COLOR,,
6620,6476,CT PAIL AVITEX 765,765,AVITEX COLOR,,
6621,6476,CT PAIL AVITEX 770,770,AVITEX COLOR,,
6622,6476,CT PAIL AVITEX 771,771,AVITEX COLOR,,
6623,6476,CT PAIL AVITEX 775,775,AVITEX COLOR,,
9195,6476,CT PAIL AVITEX 813,813,AVITEX COLOR,,
8184,6476,CT PAIL AVITEX 814,814,AVITEX COLOR,,
6682,6476,CT PAIL AVITEX 820,820,AVITEX COLOR,,
6624,6476,CT PAIL AVITEX 831,831,AVITEX COLOR,,
7847,6476,CT PAIL AVITEX 892,892,AVITEX COLOR,,
6596,6476,CT PAIL AVITEX 896,896,AVITEX COLOR,,
7686,6476,CT PAIL AVITEX 900,900,AVITEX COLOR,,
7817,6476,CT PAIL AVITEX AT-4,AT-4,AVITEX COLOR,,
7848,6476,CT PAIL AVITEX AT-5,AT-5,AVITEX COLOR,,
4565,6476,CT PAIL AVITEX PUTIH,PUTIH,AVITEX COLOR,,
6478,6477,CTG GLN AVITEX 45 DELFT BLUE,45 DELFT BLUE,AVITEX COLOR,,
6479,6477,CTG GLN AVITEX 46 BLUE,46 BLUE,AVITEX COLOR,,
6480,6477,CTG GLN AVITEX 47 STRAWBERRY,47 STRAWBERRY,AVITEX COLOR,,
6481,6477,CTG GLN AVITEX 48 LEATHER,48 LEATHER,AVITEX COLOR,,
6482,6477,CTG GLN AVITEX 49 DARK MAROON,49 DARK MAROON,AVITEX COLOR,,
6483,6477,CTG GLN AVITEX 51 TILE GREEN,51 TILE GREEN,AVITEX COLOR,,
6484,6477,CTG GLN AVITEX 55 RED WOOD,55 RED WOOD,AVITEX COLOR,,
6485,6477,CTG GLN AVITEX 60 GERANIUM,60 GERANIUM,AVITEX COLOR,,
6486,6477,CTG GLN AVITEX 61 OCEAN BLUE,61 OCEAN BLUE,AVITEX COLOR,,
6487,6477,CTG GLN AVITEX 62 ORANGE,62 ORANGE,AVITEX COLOR,,
6488,6477,CTG GLN AVITEX 63 TILE RED,63 TILE RED,AVITEX COLOR,,
6489,6477,CTG GLN AVITEX 64 ROUGE,64 ROUGE,AVITEX COLOR,,
6490,6477,CTG GLN AVITEX 65 RIVER BLUE,65 RIVER BLUE,AVITEX COLOR,,
6491,6477,CTG GLN AVITEX 66 EXOTIC BLUE,66 EXOTIC BLUE,AVITEX COLOR,,
6492,6477,CTG GLN AVITEX 67 GRAPHITE,67 GRAPHITE,AVITEX COLOR,,
6493,6477,CTG GLN AVITEX 68 PALM GREEN,68 PALM GREEN,AVITEX COLOR,,
6504,6503,CK KG DRASSO 198,198,DRASSO COLOR,,
6537,6503,CK KG DRASSO 199,199,DRASSO COLOR,,
6539,6503,CK KG DRASSO 310,310,DRASSO COLOR,,
6533,6503,CK KG DRASSO 328,328,DRASSO COLOR,,
6513,6503,CK KG DRASSO 468,468,DRASSO COLOR,,
6521,6503,CK KG DRASSO 530,530,DRASSO COLOR,,
6522,6503,CK KG DRASSO 540,540,DRASSO COLOR,,
6525,6503,CK KG DRASSO 631,631,DRASSO COLOR,,
6523,6503,CK KG DRASSO 730,730,DRASSO COLOR,,
6527,6503,CK KG DRASSO 734,734,DRASSO COLOR,,
6528,6503,CK KG DRASSO 739,739,DRASSO COLOR,,
6542,6503,CK KG DRASSO 914,914,DRASSO COLOR,,
8912,7407,CS PYLOX BASIC 102,102,PYLOX COLOR,,
6371,7407,CS PYLOX BASIC HITAM,HITAM,PYLOX COLOR,,
5350,7407,CS PYLOX BASIC HITAM DOF,HITAM DOF,PYLOX COLOR,,
5373,7407,CS PYLOX BASIC NA LUX AEROSOL 1743,NA LUX AEROSOL 1743,PYLOX COLOR,,
5372,7407,CS PYLOX BASIC NA LUX AEROSOL 1744,NA LUX AEROSOL 1744,PYLOX COLOR,,
5349,7407,CS PYLOX BASIC PUTIH DOF 101A,PUTIH DOF 101A,PYLOX COLOR,,
5351,7407,CS PYLOX BASIC S WHITE / S PUTIH,S WHITE / S PUTIH,PYLOX COLOR,,
7601,7591,WOOD ECO WS 101,101,WOOD ECO COLOR,,
7602,7591,WOOD ECO WS 102,102,WOOD ECO COLOR,,
7603,7591,WOOD ECO WS 103,103,WOOD ECO COLOR,,
7604,7591,WOOD ECO WS 104,104,WOOD ECO COLOR,,
7605,7591,WOOD ECO WS 105,105,WOOD ECO COLOR,,
7606,7591,WOOD ECO WS 106,106,WOOD ECO COLOR,,
7592,7591,WOOD ECO WS 107,107,WOOD ECO COLOR,,
7593,7591,WOOD ECO WS 108,108,WOOD ECO COLOR,,
7594,7591,WOOD ECO WS 109,109,WOOD ECO COLOR,,
7595,7591,WOOD ECO WS 110,110,WOOD ECO COLOR,,
7596,7591,WOOD ECO WS 111,111,WOOD ECO COLOR,,
7597,7591,WOOD ECO WS 112,112,WOOD ECO COLOR,,
7685,7591,WOOD ECO WS 113,113,WOOD ECO COLOR,,
7598,7591,WOOD ECO WS 114,114,WOOD ECO COLOR,,
7599,7591,WOOD ECO WS CLEAR GLOSS,CLEAR GLOSS,WOOD ECO COLOR,,
7600,7591,WOOD ECO WS CLEAR MATT,CLEAR MATT,WOOD ECO COLOR,,
7731,7710,CT GLN DECOLITH SW,SW,DECOLITH COLOR,,
7732,7710,CT GLN DECOLITH SWS,SWS,DECOLITH COLOR,,
7740,7711,CT PAIL DECOLITH SW,SW,DECOLITH COLOR,,
7741,7711,CT PAIL DECOLITH SWS,SWS,DECOLITH COLOR,,
7758,7712,CT GLN DECOPLUS SW,SW,DECOPLUS COLOR,,
7759,7712,CT GLN DECOPLUS SWS,SWS,DECOPLUS COLOR,,
7742,7713,CT PAIL DECOPLUS SW,SW,DECOPLUS COLOR,,
7743,7713,CT PAIL DECOPLUS SWS,SWS,DECOPLUS COLOR,,
7801,7792,CK KG ZINCTIUM 116,116,ZINCTIUM COLOR,,
8132,7792,CK KG ZINCTIUM 144M,144M,ZINCTIUM COLOR,,
8180,7792,CK KG ZINCTIUM 150M,150M,ZINCTIUM COLOR,,
8055,7792,CK KG ZINCTIUM 152,152,ZINCTIUM COLOR,,
8133,7792,CK KG ZINCTIUM 154M,154M,ZINCTIUM COLOR,,
8179,7792,CK KG ZINCTIUM 165M,165M,ZINCTIUM COLOR,,
7798,7792,CK KG ZINCTIUM 180,180,ZINCTIUM COLOR,,
7797,7792,CK KG ZINCTIUM 180M,180M,ZINCTIUM COLOR,,
8199,7792,CK KG ZINCTIUM 181,181,ZINCTIUM COLOR,,
8034,7792,CK KG ZINCTIUM 201,201,ZINCTIUM COLOR,,
7956,7792,CK KG ZINCTIUM 2023,2023,ZINCTIUM COLOR,,
8198,7792,CK KG ZINCTIUM 2029,2029,ZINCTIUM COLOR,,
7800,7792,CK KG ZINCTIUM 2037,2037,ZINCTIUM COLOR,,
7799,7792,CK KG ZINCTIUM 2037M,2037M,ZINCTIUM COLOR,,
8177,7792,CK KG ZINCTIUM 2038,2038,ZINCTIUM COLOR,,
8137,7792,CK KG ZINCTIUM 225,225,ZINCTIUM COLOR,,
7958,7792,CK KG ZINCTIUM 234,234,ZINCTIUM COLOR,,
7957,7792,CK KG ZINCTIUM 248,248,ZINCTIUM COLOR,,
7959,7792,CK KG ZINCTIUM 273,273,ZINCTIUM COLOR,,
8059,7792,CK KG ZINCTIUM 288,288,ZINCTIUM COLOR,,
8136,7792,CK KG ZINCTIUM 290,290,ZINCTIUM COLOR,,
8173,7792,CK KG ZINCTIUM 304,304,ZINCTIUM COLOR,,
8035,7792,CK KG ZINCTIUM 311,311,ZINCTIUM COLOR,,
7911,7792,CK KG ZINCTIUM 321,321,ZINCTIUM COLOR,,
8127,7792,CK KG ZINCTIUM 345,345,ZINCTIUM COLOR,,
7910,7792,CK KG ZINCTIUM 3476,3476,ZINCTIUM COLOR,,
8033,7792,CK KG ZINCTIUM 359,359,ZINCTIUM COLOR,,
8058,7792,CK KG ZINCTIUM 360,360,ZINCTIUM COLOR,,
8176,7792,CK KG ZINCTIUM 367,367,ZINCTIUM COLOR,,
7919,7792,CK KG ZINCTIUM 377,377,ZINCTIUM COLOR,,
7918,7792,CK KG ZINCTIUM 382,382,ZINCTIUM COLOR,,
8021,7792,CK KG ZINCTIUM 383,383,ZINCTIUM COLOR,,
8128,7792,CK KG ZINCTIUM 404,404,ZINCTIUM COLOR,,
8129,7792,CK KG ZINCTIUM 412,412,ZINCTIUM COLOR,,
8130,7792,CK KG ZINCTIUM 437,437,ZINCTIUM COLOR,,
7920,7792,CK KG ZINCTIUM 448,448,ZINCTIUM COLOR,,
8139,7792,CK KG ZINCTIUM 45,45,ZINCTIUM COLOR,,
8057,7792,CK KG ZINCTIUM 456,456,ZINCTIUM COLOR,,
7921,7792,CK KG ZINCTIUM 467,467,ZINCTIUM COLOR,,
8171,7792,CK KG ZINCTIUM 4758,4758,ZINCTIUM COLOR,,
7922,7792,CK KG ZINCTIUM 480,480,ZINCTIUM COLOR,,
8056,7792,CK KG ZINCTIUM 500,500,ZINCTIUM COLOR,,
8175,7792,CK KG ZINCTIUM 519,519,ZINCTIUM COLOR,,
8174,7792,CK KG ZINCTIUM 553,553,ZINCTIUM COLOR,,
8100,7792,CK KG ZINCTIUM 560,560,ZINCTIUM COLOR,,
7916,7792,CK KG ZINCTIUM 567,567,ZINCTIUM COLOR,,
8138,7792,CK KG ZINCTIUM 580,580,ZINCTIUM COLOR,,
8101,7792,CK KG ZINCTIUM 582,582,ZINCTIUM COLOR,,
8131,7792,CK KG ZINCTIUM 583,583,ZINCTIUM COLOR,,
8178,7792,CK KG ZINCTIUM 584,584,ZINCTIUM COLOR,,
7917,7792,CK KG ZINCTIUM 613,613,ZINCTIUM COLOR,,
7912,7792,CK KG ZINCTIUM 628,628,ZINCTIUM COLOR,,
7915,7792,CK KG ZINCTIUM 633,633,ZINCTIUM COLOR,,
7804,7792,CK KG ZINCTIUM 656,656,ZINCTIUM COLOR,,
7913,7792,CK KG ZINCTIUM 673,673,ZINCTIUM COLOR,,
8134,7792,CK KG ZINCTIUM 678M,678M,ZINCTIUM COLOR,,
7803,7792,CK KG ZINCTIUM 680,680,ZINCTIUM COLOR,,
7914,7792,CK KG ZINCTIUM 681,681,ZINCTIUM COLOR,,
8020,7792,CK KG ZINCTIUM 684,684,ZINCTIUM COLOR,,
8140,7792,CK KG ZINCTIUM 695,695,ZINCTIUM COLOR,,
8102,7792,CK KG ZINCTIUM 705M,705M,ZINCTIUM COLOR,,
7802,7792,CK KG ZINCTIUM 709,709,ZINCTIUM COLOR,,
8143,7792,CK KG ZINCTIUM 727,727,ZINCTIUM COLOR,,
7925,7792,CK KG ZINCTIUM 738,738,ZINCTIUM COLOR,,
8141,7792,CK KG ZINCTIUM 74,74,ZINCTIUM COLOR,,
7924,7792,CK KG ZINCTIUM 745,745,ZINCTIUM COLOR,,
7923,7792,CK KG ZINCTIUM 753,753,ZINCTIUM COLOR,,
8181,7792,CK KG ZINCTIUM 755M,755M,ZINCTIUM COLOR,,
7978,7792,CK KG ZINCTIUM 780,780,ZINCTIUM COLOR,,
8142,7792,CK KG ZINCTIUM 781,781,ZINCTIUM COLOR,,
8135,7792,CK KG ZINCTIUM 795M,795M,ZINCTIUM COLOR,,
8182,7792,CK KG ZINCTIUM 827M,827M,ZINCTIUM COLOR,,
7794,7792,CK KG ZINCTIUM 880,880,ZINCTIUM COLOR,,
7793,7792,CK KG ZINCTIUM 880M,880M,ZINCTIUM COLOR,,
8172,7792,CK KG ZINCTIUM 98,98,ZINCTIUM COLOR,,
7880,7792,CK KG ZINCTIUM ZINCHROMATE GREEN 9711,ZINCHROMATE GREEN 9711,ZINCTIUM COLOR,,
8037,8036,CT GLN PRODIGIO 6000,6000,PRODIGIO COLOR,,
8635,8036,CT GLN PRODIGIO 6001,6001,PRODIGIO COLOR,,
8631,8036,CT GLN PRODIGIO 6003,6003,PRODIGIO COLOR,,
8617,8036,CT GLN PRODIGIO 6004,6004,PRODIGIO COLOR,,
8618,8036,CT GLN PRODIGIO 6005,6005,PRODIGIO COLOR,,
8660,8036,CT GLN PRODIGIO 6006,6006,PRODIGIO COLOR,,
8630,8036,CT GLN PRODIGIO 6007,6007,PRODIGIO COLOR,,
8621,8036,CT GLN PRODIGIO 6008,6008,PRODIGIO COLOR,,
8661,8036,CT GLN PRODIGIO 6009,6009,PRODIGIO COLOR,,
8634,8036,CT GLN PRODIGIO 6011,6011,PRODIGIO COLOR,,
8622,8036,CT GLN PRODIGIO 6012,6012,PRODIGIO COLOR,,
8623,8036,CT GLN PRODIGIO 6013,6013,PRODIGIO COLOR,,
8636,8036,CT GLN PRODIGIO 6014,6014,PRODIGIO COLOR,,
8624,8036,CT GLN PRODIGIO 6015,6015,PRODIGIO COLOR,,
8613,8036,CT GLN PRODIGIO 6016,6016,PRODIGIO COLOR,,
8615,8036,CT GLN PRODIGIO 6017,6017,PRODIGIO COLOR,,
8626,8036,CT GLN PRODIGIO 6018,6018,PRODIGIO COLOR,,
8665,8036,CT GLN PRODIGIO 6020,6020,PRODIGIO COLOR,,
8619,8036,CT GLN PRODIGIO 6022,6022,PRODIGIO COLOR,,
8627,8036,CT GLN PRODIGIO 6023,6023,PRODIGIO COLOR,,
8672,8036,CT GLN PRODIGIO 6024,6024,PRODIGIO COLOR,,
8633,8036,CT GLN PRODIGIO 6025,6025,PRODIGIO COLOR,,
8628,8036,CT GLN PRODIGIO 6026,6026,PRODIGIO COLOR,,
8616,8036,CT GLN PRODIGIO 6027,6027,PRODIGIO COLOR,,
8614,8036,CT GLN PRODIGIO 6028,6028,PRODIGIO COLOR,,
8632,8036,CT GLN PRODIGIO 6029,6029,PRODIGIO COLOR,,
8662,8036,CT GLN PRODIGIO 6034,6034,PRODIGIO COLOR,,
8663,8036,CT GLN PRODIGIO 6035,6035,PRODIGIO COLOR,,
8654,8036,CT GLN PRODIGIO 6037,6037,PRODIGIO COLOR,,
8612,8036,CT GLN PRODIGIO 6038,6038,PRODIGIO COLOR,,
8625,8036,CT GLN PRODIGIO 6039,6039,PRODIGIO COLOR,,
8629,8036,CT GLN PRODIGIO 6040,6040,PRODIGIO COLOR,,
8664,8036,CT GLN PRODIGIO 6046,6046,PRODIGIO COLOR,,
8039,8038,CT PAIL PRODIGIO 6000,6000,PRODIGIO COLOR,,
8644,8610,CT GLN PRODIGIO 6010 SPC,6010 SPC,PRODIGIO COLOR,,
8637,8610,CT GLN PRODIGIO 6019 SPC,6019 SPC,PRODIGIO COLOR,,
8673,8610,CT GLN PRODIGIO 6021 SPC,6021 SPC,PRODIGIO COLOR,,
8674,8610,CT GLN PRODIGIO 6030 SPC,6030 SPC,PRODIGIO COLOR,,
8666,8610,CT GLN PRODIGIO 6031 SPC,6031 SPC,PRODIGIO COLOR,,
8638,8610,CT GLN PRODIGIO 6032 SPC,6032 SPC,PRODIGIO COLOR,,
8641,8610,CT GLN PRODIGIO 6033 SPC,6033 SPC,PRODIGIO COLOR,,
8642,8610,CT GLN PRODIGIO 6041 SPC,6041 SPC,PRODIGIO COLOR,,
8639,8610,CT GLN PRODIGIO 6042 SPC,6042 SPC,PRODIGIO COLOR,,
8611,8610,CT GLN PRODIGIO 6043 SPC,6043 SPC,PRODIGIO COLOR,,
8643,8610,CT GLN PRODIGIO 6045 SPC,6045 SPC,PRODIGIO COLOR,,
8640,8610,CT GLN PRODIGIO 6047 SPC,6047 SPC,PRODIGIO COLOR,,
5463,9054,BASE CT GLN DULUX WS PRO BASE A,BASE A,PAINT BASE,,
5464,9054,BASE CT GLN DULUX WS PRO BASE B,BASE B,PAINT BASE,,
5465,9054,BASE CT GLN DULUX WS PRO BASE C,BASE C,PAINT BASE,,
5466,9054,BASE CT GLN DULUX WS PRO BASE D,BASE D,PAINT BASE,,
9161,9160,BASE CT GLN LENKOTE AQUAMATT BASE A,BASE A,PAINT BASE,,
9162,9160,BASE CT GLN LENKOTE AQUAMATT BASE B,BASE B,PAINT BASE,,
9163,9160,BASE CT GLN LENKOTE AQUAMATT BASE C,BASE C,PAINT BASE,,
7384,9556,BASE CT GLN DULUX EASY CLEAN BASE A,BASE A,PAINT BASE,,
7691,9556,BASE CT GLN DULUX EASY CLEAN BASE B,BASE B,PAINT BASE,,
7692,9556,BASE CT GLN DULUX EASY CLEAN BASE C,BASE C,PAINT BASE,,
7693,9556,BASE CT GLN DULUX EASY CLEAN BASE D,BASE D,PAINT BASE,,
8620,9557,BASE CT PAIL DULUX EASY CLEAN BASE A,BASE A,PAINT BASE,,
10193,9557,BASE CT PAIL DULUX EASY CLEAN BASE B,BASE B,PAINT BASE,,
9846,9841,BASE CT KG VINILEX TINTING BASE A,BASE A,PAINT BASE,,
9845,9841,BASE CT KG VINILEX TINTING BASE D,BASE D,PAINT BASE,,
9844,9841,BASE CT KG VINILEX TINTING BASE P,BASE P,PAINT BASE,,
9847,9841,BASE CT KG VINILEX TINTING BASE T,BASE T,PAINT BASE,,
1435,9842,BASE CT GLN VINILEX TINTING BASE A,BASE A,PAINT BASE,,
1438,9842,BASE CT GLN VINILEX TINTING BASE D,BASE D,PAINT BASE,,
1429,9842,BASE CT GLN VINILEX TINTING BASE P,BASE P,PAINT BASE,,
1428,9842,BASE CT GLN VINILEX TINTING BASE T,BASE T,PAINT BASE,,
1431,9843,BASE CT PAIL VINILEX TINTING BASE A,BASE A,PAINT BASE,,
1440,9843,BASE CT PAIL VINILEX TINTING BASE D,BASE D,PAINT BASE,,
1424,9843,BASE CT PAIL VINILEX TINTING BASE P,BASE P,PAINT BASE,,
1426,9843,BASE CT PAIL VINILEX TINTING BASE T,BASE T,PAINT BASE,,
1430,9848,BASE CT KG NIPPON WBOND BASE A,BASE A,PAINT BASE,,
1437,9848,BASE CT KG NIPPON WBOND BASE D,BASE D,PAINT BASE,,
1434,9848,BASE CT KG NIPPON WBOND BASE P,BASE P,PAINT BASE,,
1427,9848,BASE CT KG NIPPON WBOND BASE T,BASE T,PAINT BASE,,
2909,9849,BASE CT GLN NIPPON WBOND BASE A,BASE A,PAINT BASE,,
2911,9849,BASE CT GLN NIPPON WBOND BASE D,BASE D,PAINT BASE,,
1433,9849,BASE CT GLN NIPPON WBOND BASE P,BASE P,PAINT BASE,,
2910,9849,BASE CT GLN NIPPON WBOND BASE T,BASE T,PAINT BASE,,
3329,9850,BASE CT PAIL NIPPON WBOND BASE A,BASE A,PAINT BASE,,
4666,9850,BASE CT PAIL NIPPON WBOND BASE D,BASE D,PAINT BASE,,
2912,9850,BASE CT PAIL NIPPON WBOND BASE P,BASE P,PAINT BASE,,
3700,9850,BASE CT PAIL NIPPON WBOND BASE T,BASE T,PAINT BASE,,
4669,9851,BASE CT KG NIPPON FLAWLESS BASE A,BASE A,PAINT BASE,,
4668,9851,BASE CT KG NIPPON FLAWLESS BASE D,BASE D,PAINT BASE,,
4667,9851,BASE CT KG NIPPON FLAWLESS BASE P,BASE P,PAINT BASE,,
6508,9851,BASE CT KG NIPPON FLAWLESS BASE T,BASE T,PAINT BASE,,
6514,9852,BASE CT GLN NIPPON FLAWLESS BASE A,BASE A,PAINT BASE,,
6538,9852,BASE CT GLN NIPPON FLAWLESS BASE D,BASE D,PAINT BASE,,
6506,9852,BASE CT GLN NIPPON FLAWLESS BASE P,BASE P,PAINT BASE,,
6505,9852,BASE CT GLN NIPPON FLAWLESS BASE T,BASE T,PAINT BASE,,
6534,9853,BASE CT PAIL NIPPON FLAWLESS BASE A,BASE A,PAINT BASE,,
6529,9853,BASE CT PAIL NIPPON FLAWLESS BASE D,BASE D,PAINT BASE,,
6516,9853,BASE CT PAIL NIPPON FLAWLESS BASE P,BASE P,PAINT BASE,,
6535,9853,BASE CT PAIL NIPPON FLAWLESS BASE T,BASE T,PAINT BASE,,
6520,9857,BASE CT KG NIPPON SPOTLESS BASE A,BASE A,PAINT BASE,,
6509,9857,BASE CT KG NIPPON SPOTLESS BASE D,BASE D,PAINT BASE,,
6512,9857,BASE CT KG NIPPON SPOTLESS BASE P,BASE P,PAINT BASE,,
6510,9857,BASE CT KG NIPPON SPOTLESS BASE T,BASE T,PAINT BASE,,
6546,9858,BASE CT GLN NIPPON SPOTLESS BASE A,BASE A,PAINT BASE,,
6517,9858,BASE CT GLN NIPPON SPOTLESS BASE D,BASE D,PAINT BASE,,
6547,9858,BASE CT GLN NIPPON SPOTLESS BASE P,BASE P,PAINT BASE,,
6518,9858,BASE CT GLN NIPPON SPOTLESS BASE T,BASE T,PAINT BASE,,
6530,9859,BASE CT PAIL NIPPON SPOTLESS BASE A,BASE A,PAINT BASE,,
6524,9859,BASE CT PAIL NIPPON SPOTLESS BASE D,BASE D,PAINT BASE,,
6531,9859,BASE CT PAIL NIPPON SPOTLESS BASE P,BASE P,PAINT BASE,,
6526,9859,BASE CT PAIL NIPPON SPOTLESS BASE T,BASE T,PAINT BASE,,
5266,9860,BASE CK KG BEE BRAND BASE A,BASE A,PAINT BASE,,
5199,9860,BASE CK KG BEE BRAND BASE D,BASE D,PAINT BASE,,
6543,9860,BASE CK KG BEE BRAND BASE P,BASE P,PAINT BASE,,
5213,9860,BASE CK KG BEE BRAND BASE T,BASE T,PAINT BASE,,
5267,9861,BASE CT KG MATEX GOLD BASE A,BASE A,PAINT BASE,,
5245,9861,BASE CT KG MATEX GOLD BASE D,BASE D,PAINT BASE,,
5214,9861,BASE CT KG MATEX GOLD BASE P,BASE P,PAINT BASE,,
5187,9861,BASE CT KG MATEX GOLD BASE T,BASE T,PAINT BASE,,
5190,9862,BASE CT GLN MATEX GOLD BASE A,BASE A,PAINT BASE,,
5222,9862,BASE CT GLN MATEX GOLD BASE D,BASE D,PAINT BASE,,
5188,9862,BASE CT GLN MATEX GOLD BASE P,BASE P,PAINT BASE,,
5219,9862,BASE CT GLN MATEX GOLD BASE T,BASE T,PAINT BASE,,
5269,9863,BASE CT PAIL MATEX GOLD BASE A,BASE A,PAINT BASE,,
5202,9863,BASE CT PAIL MATEX GOLD BASE D,BASE D,PAINT BASE,,
5231,9863,BASE CT PAIL MATEX GOLD BASE P,BASE P,PAINT BASE,,
5203,9863,BASE CT PAIL MATEX GOLD BASE T,BASE T,PAINT BASE,,
5056,10671,KLOSET JONGKOK MADA BIRU,BIRU,CLOSET COLOR,,
5326,10671,KLOSET JONGKOK MADA HIJAU,HIJAU,CLOSET COLOR,,
5370,10671,KLOSET JONGKOK MADA PINK,PINK,CLOSET COLOR,,
5057,10671,KLOSET JONGKOK MADA PUTIH,PUTIH,CLOSET COLOR,,
157,10672,BAK MANDI SUDUT 200LT BIRU,BIRU,GENERIC COLOR,,
6081,10672,BAK MANDI SUDUT 200LT PINK,PINK,GENERIC COLOR,,
158,10672,BAK MANDI SUDUT 200LT PUTIH,PUTIH,GENERIC COLOR,,
8981,10678,HAMPLAS METER TAIYO 180,180,SANDPAPER GRIT,,
8236,10678,HAMPLAS METER TAIYO 240,240,SANDPAPER GRIT,,
8909,10678,HAMPLAS METER TAIYO 260,260,SANDPAPER GRIT,,
8590,10678,HAMPLAS METER TAIYO 60,60,SANDPAPER GRIT,,
8983,10678,HAMPLAS METER TAIYO 80,80,SANDPAPER GRIT,,
3832,10681,WTP KG AM110 HITAM,HITAM,AM110 COLOR,,
4320,10681,WTP KG AM110 PUTIH,PUTIH,AM110 COLOR,,
3579,10681,WTP KG AM110 SILVER GREY,SILVER GREY,AM110 COLOR,,
4782,10681,WTP KG AM110 TRANSPARAN,TRANSPARAN,AM110 COLOR,,
6536,10682,BASE CK KG BODELAC BASE A,BASE A,PAINT BASE,,
6541,10682,BASE CK KG BODELAC BASE D,BASE D,PAINT BASE,,
6507,10682,BASE CK KG BODELAC BASE P,BASE P,PAINT BASE,,
6511,10682,BASE CK KG BODELAC BASE T,BASE T,PAINT BASE,,
5491,10683,BASE CT PAIL DULUX WS PRO BASE A,BASE A,PAINT BASE,,
5492,10683,BASE CT PAIL DULUX WS PRO BASE B,BASE B,PAINT BASE,,
5493,10683,BASE CT PAIL DULUX WS PRO BASE C,BASE C,PAINT BASE,,
5494,10683,BASE CT PAIL DULUX WS PRO BASE D,BASE D,PAINT BASE,,
6474,10684,BASE CT PAIL CATYLAC EXT BASE A,BASE A,PAINT BASE,,
6475,10684,BASE CT PAIL CATYLAC EXT BASE B,BASE B,PAINT BASE,,
7753,10685,BASE CT GLN DULUX AMBIANCE BASE A,BASE A,PAINT BASE,,
7761,10685,BASE CT GLN DULUX AMBIANCE BASE B,BASE B,PAINT BASE,,
7748,10685,BASE CT GLN DULUX AMBIANCE BASE C,BASE C,PAINT BASE,,
7756,10685,BASE CT GLN DULUX AMBIANCE BASE D,BASE D,PAINT BASE,,
8671,10686,BASE CT GLN DULUX POWERFLEX BASE A,BASE A,PAINT BASE,,
8434,10686,BASE CT GLN DULUX POWERFLEX BASE B,BASE B,PAINT BASE,,
5200,10686,BASE CT GLN DULUX POWERFLEX BASE C,BASE C,PAINT BASE,,
5247,10686,BASE CT GLN DULUX POWERFLEX BASE D,BASE D,PAINT BASE,,
1425,10687,BASE CT GLN NIPPON WBOND SOLAREFLECT BASE A,BASE A,PAINT BASE,,
7850,10687,BASE CT GLN NIPPON WBOND SOLAREFLECT BASE D,BASE D,PAINT BASE,,
7843,10687,BASE CT GLN NIPPON WBOND SOLAREFLECT BASE P,BASE P,PAINT BASE,,
8374,10687,BASE CT GLN NIPPON WBOND SOLAREFLECT BASE T,BASE T,PAINT BASE,,
6495,10689,BASE CT GLN CATYLAC EXT BASE A,BASE A,PAINT BASE,,
6496,10689,BASE CT GLN CATYLAC EXT BASE B,BASE B,PAINT BASE,,
6497,10689,BASE CT GLN CATYLAC EXT BASE C,BASE C,PAINT BASE,,
6498,10689,BASE CT GLN CATYLAC EXT BASE D,BASE D,PAINT BASE,,
9171,10690,BASE CT PAIL LENKOTE AQUAMATT BASE A,BASE A,PAINT BASE,,
9172,10690,BASE CT PAIL LENKOTE AQUAMATT BASE B,BASE B,PAINT BASE,,
9173,10690,BASE CT PAIL LENKOTE AQUAMATT BASE C,BASE C,PAINT BASE,,
6038,10708,CS AUTOLUX SCOTCH LIGHT BLACK,SCOTCH LIGHT BLACK,AUTOLUX COLOR,,
14,10708,CS AUTOLUX SCOTCH LIGHT BLUE,SCOTCH LIGHT BLUE,AUTOLUX COLOR,,
2167,10708,CS AUTOLUX SCOTCH LIGHT CLEAR,SCOTCH LIGHT CLEAR,AUTOLUX COLOR,,
2166,10708,CS AUTOLUX SCOTCH LIGHT GREEN,SCOTCH LIGHT GREEN,AUTOLUX COLOR,,
15,10708,CS AUTOLUX SCOTCH LIGHT ORANGE,SCOTCH LIGHT ORANGE,AUTOLUX COLOR,,
2165,10708,CS AUTOLUX SCOTCH LIGHT PINK,SCOTCH LIGHT PINK,AUTOLUX COLOR,,
2164,10708,CS AUTOLUX SCOTCH LIGHT RED,SCOTCH LIGHT RED,AUTOLUX COLOR,,
6074,10708,CS AUTOLUX SCOTCH LIGHT SILVER,SCOTCH LIGHT SILVER,AUTOLUX COLOR,,
18,10708,CS AUTOLUX SCOTCH LIGHT VIOLET 1,SCOTCH LIGHT VIOLET 1,AUTOLUX COLOR,,
17,10708,CS AUTOLUX SCOTCH LIGHT WHITE,SCOTCH LIGHT WHITE,AUTOLUX COLOR,,
16,10708,CS AUTOLUX SCOTCH LIGHT YELLOW,SCOTCH LIGHT YELLOW,AUTOLUX COLOR,,